Image_name,wrinkles,freakles,glasses,hair color,hair top
emotionet_5_second_50000_50043,0,0,0,1,2
emotionet_5_second_50000_50044,1,0,0,0,2
emotionet_5_second_50000_50112,0,0,0,8,0
emotionet_5_second_50000_50152,0,0,0,1,1
emotionet_5_second_50000_50183,0,1,1,5,1
emotionet_5_second_50000_50184,0,0,0,6,2
emotionet_5_second_50000_50205,1,0,0,8,4
emotionet_5_second_50000_50245,0,0,0,1,2
emotionet_5_second_50000_50277,0,0,0,8,4
emotionet_5_second_50000_50321,0,0,0,0,2
emotionet_5_second_50000_50326,0,0,0,2,2
emotionet_5_second_50000_50328,0,1,0,1,2
emotionet_5_second_50000_50361,0,1,0,6,2
emotionet_5_second_50000_50366,0,0,0,1,2
emotionet_5_second_50000_50422,1,0,0,1,2
emotionet_5_second_50000_50425,0,0,0,6,2
emotionet_5_second_50000_50450,0,0,0,6,2
emotionet_5_second_50000_50481,0,0,0,1,1
emotionet_5_second_50000_50488,0,0,0,1,2
emotionet_5_second_50000_50501,0,0,0,4,2
emotionet_5_second_50000_50508,0,0,0,1,2
emotionet_5_second_50000_50548,0,0,0,7,2
emotionet_5_second_50000_50573,0,0,0,1,2
emotionet_5_second_50000_50574,0,0,0,3,2
emotionet_5_second_50000_50599,0,0,0,6,2
emotionet_5_second_50000_50616,0,0,1,6,2
emotionet_5_second_50000_50618,0,0,0,0,2
emotionet_5_second_50000_50623,0,0,0,1,2
emotionet_5_second_50000_50624,0,0,1,1,2
emotionet_5_second_50000_50658,0,0,0,6,2
emotionet_5_second_50000_50664,0,0,0,1,2
emotionet_5_second_50000_50732,0,1,0,8,4
emotionet_5_second_50000_50740,0,0,1,8,4
emotionet_5_second_50000_50747,0,0,0,1,2
emotionet_5_second_50000_50749,0,0,0,8,4
emotionet_5_second_50000_50796,0,1,0,1,1
emotionet_5_second_50000_50825,1,0,0,6,2
emotionet_5_second_50000_50850,0,0,2,1,1
emotionet_5_second_50000_50857,0,0,0,8,4
emotionet_5_second_50000_50946,0,0,0,2,2
emotionet_5_second_50000_50990,0,0,0,3,2
emotionet_5_second_50000_51018,0,0,0,1,2
emotionet_5_second_50000_51023,1,0,0,2,1
emotionet_5_second_50000_51024,0,0,0,1,2
emotionet_5_second_50000_51056,0,0,0,1,2
emotionet_5_second_50000_51058,0,1,0,1,1
emotionet_5_second_50000_51063,0,0,1,1,2
emotionet_5_second_50000_51064,0,1,0,7,1
emotionet_5_second_50000_51080,0,0,0,1,1
emotionet_5_second_50000_51107,0,0,0,1,2
emotionet_5_second_50000_51109,0,0,0,1,1
emotionet_5_second_50000_51147,0,0,0,7,1
emotionet_5_second_50000_51175,0,0,0,8,0
emotionet_5_second_50000_51191,1,0,0,2,2
emotionet_5_second_50000_51196,0,0,0,1,2
emotionet_5_second_50000_51210,0,0,0,0,2
emotionet_5_second_50000_51217,0,0,0,2,1
emotionet_5_second_50000_51219,0,0,0,1,2
emotionet_5_second_50000_51250,0,0,0,8,0
emotionet_5_second_50000_51257,0,0,0,8,0
emotionet_5_second_50000_51262,1,0,0,6,1
emotionet_5_second_50000_51265,0,0,1,1,2
emotionet_5_second_50000_51281,0,0,0,1,2
emotionet_5_second_50000_51286,0,0,0,8,0
emotionet_5_second_50000_51296,1,0,0,0,1
emotionet_5_second_50000_51333,0,0,0,1,2
emotionet_5_second_50000_51334,0,0,0,1,2
emotionet_5_second_50000_51341,1,0,0,1,1
emotionet_5_second_50000_51346,0,1,0,1,2
emotionet_5_second_50000_51348,0,0,0,7,1
emotionet_5_second_50000_51442,1,0,0,1,2
emotionet_5_second_50000_51445,0,0,0,1,2
emotionet_5_second_50000_51456,0,0,0,5,1
emotionet_5_second_50000_51462,0,0,0,1,2
emotionet_5_second_50000_51513,0,0,0,7,2
emotionet_5_second_50000_51514,0,0,0,1,2
emotionet_5_second_50000_51526,0,0,0,1,2
emotionet_5_second_50000_51568,0,0,0,1,2
emotionet_5_second_50000_51619,0,0,0,1,1
emotionet_5_second_50000_51676,1,0,0,6,2
emotionet_5_second_50000_51678,1,0,0,5,1
emotionet_5_second_50000_51712,1,0,0,5,1
emotionet_5_second_50000_51715,1,0,0,6,1
emotionet_5_second_50000_51720,0,0,0,1,0
emotionet_5_second_50000_51727,1,0,1,8,0
emotionet_5_second_50000_51729,1,0,0,1,2
emotionet_5_second_50000_51752,0,0,0,1,2
emotionet_5_second_50000_51953,0,0,0,1,2
emotionet_5_second_50000_51961,0,0,0,1,2
emotionet_5_second_50000_51966,0,0,0,8,4
emotionet_5_second_50000_51968,0,0,0,5,2
emotionet_5_second_50000_52015,0,0,0,1,2
emotionet_5_second_50000_52029,0,0,0,1,1
emotionet_5_second_50000_52055,0,0,0,8,4
emotionet_5_second_50000_52067,1,0,1,6,1
emotionet_5_second_50000_52195,0,0,0,8,4
emotionet_5_second_50000_52282,0,0,0,8,4
emotionet_5_second_50000_52285,0,0,0,1,2
emotionet_5_second_50000_52302,0,0,0,8,4
emotionet_5_second_50000_52305,0,0,0,3,2
emotionet_5_second_50000_52339,0,0,0,6,2
emotionet_5_second_50000_52342,0,0,0,1,2
emotionet_5_second_50000_52345,0,0,0,1,2
emotionet_5_second_50000_52356,0,0,0,3,2
emotionet_5_second_50000_52364,0,0,0,1,2
emotionet_5_second_50000_52370,0,1,0,1,2
emotionet_5_second_50000_52377,0,0,0,1,1
emotionet_5_second_50000_52394,0,0,0,1,2
emotionet_5_second_50000_52474,0,0,0,3,2
emotionet_5_second_50000_52499,0,0,0,3,1
emotionet_5_second_50000_52525,0,0,0,1,2
emotionet_5_second_50000_52544,0,1,0,3,1
emotionet_5_second_50000_52632,0,1,0,6,2
emotionet_5_second_50000_52640,0,0,0,1,2
emotionet_5_second_50000_52647,0,0,0,3,2
emotionet_5_second_50000_52649,0,0,0,6,2
emotionet_5_second_50000_52763,0,0,0,3,2
emotionet_5_second_50000_52801,0,0,0,6,2
emotionet_5_second_50000_52890,0,0,0,1,2
emotionet_5_second_50000_52897,0,0,0,1,2
emotionet_5_second_50000_52925,0,0,0,1,2
emotionet_5_second_50000_52957,0,0,0,0,2
emotionet_5_second_50000_52962,0,0,0,1,1
emotionet_5_second_50000_52965,0,0,0,1,2
emotionet_5_second_50000_52981,0,1,0,1,2
emotionet_5_second_50000_52988,0,0,0,1,2
emotionet_5_second_50000_53000,0,0,0,1,2
emotionet_5_second_50000_53047,0,0,0,1,2
emotionet_5_second_50000_53072,0,0,0,6,2
emotionet_5_second_50000_53075,0,0,0,1,2
emotionet_5_second_50000_53091,1,0,0,5,1
emotionet_5_second_50000_53096,0,0,0,8,4
emotionet_5_second_50000_53118,0,0,0,7,2
emotionet_5_second_50000_53158,0,0,1,1,2
emotionet_5_second_50000_53164,0,1,0,1,2
emotionet_5_second_50000_53180,0,0,0,8,4
emotionet_5_second_50000_53187,0,0,0,1,2
emotionet_5_second_50000_53189,0,0,0,1,1
emotionet_5_second_50000_53208,0,0,0,1,2
emotionet_5_second_50000_53246,0,1,0,8,4
emotionet_5_second_50000_53317,0,0,0,7,2
emotionet_5_second_50000_53350,0,0,0,6,2
emotionet_5_second_50000_53357,0,1,0,8,4
emotionet_5_second_50000_53362,0,0,0,6,2
emotionet_5_second_50000_53365,0,1,0,8,4
emotionet_5_second_50000_53381,0,0,0,1,2
emotionet_5_second_50000_53413,0,0,0,6,2
emotionet_5_second_50000_53414,0,0,0,8,4
emotionet_5_second_50000_53421,0,0,0,1,2
emotionet_5_second_50000_53461,0,0,0,1,2
emotionet_5_second_50000_53505,1,0,0,8,4
emotionet_5_second_50000_53530,0,0,0,7,2
emotionet_5_second_50000_53539,0,0,0,4,2
emotionet_5_second_50000_53545,0,1,1,1,2
emotionet_5_second_50000_53620,0,1,0,8,4
emotionet_5_second_50000_53655,0,0,0,5,2
emotionet_5_second_50000_53669,0,0,0,5,2
emotionet_5_second_50000_53703,0,0,0,6,2
emotionet_5_second_50000_53704,0,0,0,1,2
emotionet_5_second_50000_53731,0,0,0,1,2
emotionet_5_second_50000_53736,0,0,0,6,2
emotionet_5_second_50000_53747,0,0,0,1,2
emotionet_5_second_50000_53771,0,1,0,3,2
emotionet_5_second_50000_53776,0,0,0,8,4
emotionet_5_second_50000_53778,0,0,0,8,4
emotionet_5_second_50000_53813,0,0,0,3,2
emotionet_5_second_50000_53814,0,0,0,6,2
emotionet_5_second_50000_53853,0,0,0,5,2
emotionet_5_second_50000_53854,0,0,0,7,2
emotionet_5_second_50000_53861,0,0,0,1,2
emotionet_5_second_50000_53930,0,0,0,1,2
emotionet_5_second_50000_53942,0,0,0,3,2
emotionet_5_second_50000_53945,0,0,0,1,2
emotionet_5_second_50000_53977,0,0,0,1,2
emotionet_5_second_50000_54002,0,0,0,4,2
emotionet_5_second_50000_54005,0,0,0,8,4
emotionet_5_second_50000_54030,0,0,0,3,2
emotionet_5_second_50000_54077,0,0,0,5,2
emotionet_5_second_50000_54113,0,0,0,1,1
emotionet_5_second_50000_54114,0,0,0,2,2
emotionet_5_second_50000_54121,0,0,0,1,2
emotionet_5_second_50000_54126,0,0,0,3,2
emotionet_5_second_50000_54128,0,1,0,8,4
emotionet_5_second_50000_54153,0,0,0,1,2
emotionet_5_second_50000_54154,0,1,0,1,1
emotionet_5_second_50000_54168,1,0,0,5,1
emotionet_5_second_50000_54182,0,0,0,1,2
emotionet_5_second_50000_54231,0,0,2,5,1
emotionet_5_second_50000_54236,0,0,0,1,3
emotionet_5_second_50000_54238,0,0,0,1,2
emotionet_5_second_50000_54295,0,1,0,8,0
emotionet_5_second_50000_54312,0,0,0,1,2
emotionet_5_second_50000_54315,0,0,0,8,4
emotionet_5_second_50000_54360,0,0,0,1,2
emotionet_5_second_50000_54405,0,0,0,1,2
emotionet_5_second_50000_54456,0,0,0,8,4
emotionet_5_second_50000_54463,0,0,0,7,2
emotionet_5_second_50000_54480,0,0,0,3,2
emotionet_5_second_50000_54487,0,1,0,1,2
emotionet_5_second_50000_54509,0,0,0,3,2
emotionet_5_second_50000_54540,0,0,0,6,2
emotionet_5_second_50000_54547,0,0,1,8,0
emotionet_5_second_50000_54549,0,0,0,1,2
emotionet_5_second_50000_54572,0,0,0,8,4
emotionet_5_second_50000_54575,0,0,0,1,2
emotionet_5_second_50000_54585,0,0,0,1,1
emotionet_5_second_50000_54596,0,0,0,8,2
emotionet_5_second_50000_54598,0,0,0,8,4
emotionet_5_second_50000_54619,0,0,0,1,2
emotionet_5_second_50000_54625,0,0,0,8,4
emotionet_5_second_50000_54657,0,0,0,3,2
emotionet_5_second_50000_54662,0,0,0,1,2
emotionet_5_second_50000_54665,0,0,0,1,2
emotionet_5_second_50000_54681,0,0,0,6,2
emotionet_5_second_50000_54686,0,0,0,6,2
emotionet_5_second_50000_54688,0,0,0,3,2
emotionet_5_second_50000_54701,0,0,0,1,1
emotionet_5_second_50000_54706,0,0,0,1,1
emotionet_5_second_50000_54708,0,0,1,0,1
emotionet_5_second_50000_54715,0,0,0,1,1
emotionet_5_second_50000_54741,0,0,0,1,2
emotionet_5_second_50000_54746,0,0,0,8,4
emotionet_5_second_50000_54774,0,0,1,6,1
emotionet_5_second_50000_54790,0,0,0,1,2
emotionet_5_second_50000_54824,0,0,0,1,1
emotionet_5_second_50000_54858,0,0,0,1,2
emotionet_5_second_50000_54863,0,0,0,2,2
emotionet_5_second_50000_54864,1,0,1,6,2
emotionet_5_second_50000_54907,0,0,0,8,4
emotionet_5_second_50000_54935,0,0,0,1,2
emotionet_5_second_50000_54947,0,0,0,1,2
emotionet_5_second_50000_54949,0,0,0,7,2
emotionet_5_second_50000_54991,1,0,0,7,1
emotionet_5_second_50000_54998,0,0,0,0,2
emotionet_5_second_50000_55010,0,0,0,1,1
emotionet_5_second_50000_55017,1,0,0,8,0
emotionet_5_second_50000_55025,0,0,1,8,0
emotionet_5_second_50000_55059,0,0,0,1,2
emotionet_5_second_50000_55106,0,0,0,1,2
emotionet_5_second_50000_55133,0,0,0,6,2
emotionet_5_second_50000_55146,0,0,0,3,2
emotionet_5_second_50000_55171,1,0,0,8,4
emotionet_5_second_50000_55190,0,0,0,1,2
emotionet_5_second_50000_55211,0,0,1,1,2
emotionet_5_second_50000_55223,0,0,0,1,2
emotionet_5_second_50000_55224,0,0,0,1,2
emotionet_5_second_50000_55234,1,0,0,1,1
emotionet_5_second_50000_55256,0,0,0,6,2
emotionet_5_second_50000_55300,0,0,0,3,2
emotionet_5_second_50000_55309,0,1,0,4,2
emotionet_5_second_50000_55332,0,0,0,1,2
emotionet_5_second_50000_55335,0,0,0,3,1
emotionet_5_second_50000_55349,0,0,0,1,2
emotionet_5_second_50000_55372,0,0,0,1,2
emotionet_5_second_50000_55398,0,0,0,6,2
emotionet_5_second_50000_55438,0,0,0,8,4
emotionet_5_second_50000_55443,0,0,0,8,4
emotionet_5_second_50000_55471,0,0,0,1,2
emotionet_5_second_50000_55476,0,0,0,8,4
emotionet_5_second_50000_55478,0,0,0,0,2
emotionet_5_second_50000_55486,0,0,0,1,2
emotionet_5_second_50000_55495,0,1,0,1,2
emotionet_5_second_50000_55520,0,0,0,0,2
emotionet_5_second_50000_55529,0,0,0,0,2
emotionet_5_second_50000_55555,0,0,0,3,2
emotionet_5_second_50000_55560,0,0,0,1,2
emotionet_5_second_50000_55637,0,1,0,1,1
emotionet_5_second_50000_55639,0,0,0,1,2
emotionet_5_second_50000_55645,0,0,0,1,2
emotionet_5_second_50000_55670,0,0,0,6,2
emotionet_5_second_50000_55693,0,0,0,1,2
emotionet_5_second_50000_55712,0,0,0,8,4
emotionet_5_second_50000_55713,0,0,0,3,2
emotionet_5_second_50000_55761,0,0,0,3,2
emotionet_5_second_50000_55766,0,0,0,1,2
emotionet_5_second_50000_55768,0,0,0,1,2
emotionet_5_second_50000_55803,0,0,0,1,2
emotionet_5_second_50000_55831,0,0,0,1,2
emotionet_5_second_50000_55912,0,0,0,1,1
emotionet_5_second_50000_55969,0,0,2,5,1
emotionet_5_second_50000_55983,0,0,0,1,2
emotionet_5_second_50000_55984,0,0,0,1,2
emotionet_5_second_50000_56021,0,0,0,1,2
emotionet_5_second_50000_56028,0,1,0,3,2
emotionet_5_second_50000_56053,0,0,0,8,4
emotionet_5_second_50000_56130,0,0,0,1,1
emotionet_5_second_50000_56137,1,0,0,7,2
emotionet_5_second_50000_56170,0,0,0,1,2
emotionet_5_second_50000_56212,1,0,0,6,2
emotionet_5_second_50000_56215,0,0,0,1,1
emotionet_5_second_50000_56220,0,0,1,8,0
emotionet_5_second_50000_56227,0,0,1,8,0
emotionet_5_second_50000_56248,0,1,0,0,2
emotionet_5_second_50000_56269,0,0,0,1,2
emotionet_5_second_50000_56336,0,0,0,1,2
emotionet_5_second_50000_56378,0,0,0,1,2
emotionet_5_second_50000_56395,0,0,0,1,2
emotionet_5_second_50000_56435,0,0,0,1,2
emotionet_5_second_50000_56440,1,0,0,5,1
emotionet_5_second_50000_56449,0,0,1,5,1
emotionet_5_second_50000_56461,0,0,0,8,4
emotionet_5_second_50000_56472,0,0,0,1,2
emotionet_5_second_50000_56551,0,0,0,1,2
emotionet_5_second_50000_56556,0,0,0,1,1
emotionet_5_second_50000_56563,0,0,0,5,1
emotionet_5_second_50000_56564,0,0,0,6,2
emotionet_5_second_50000_56601,1,0,0,5,1
emotionet_5_second_50000_56606,0,0,0,1,1
emotionet_5_second_50000_56608,1,0,0,5,1
emotionet_5_second_50000_56646,1,1,0,1,1
emotionet_5_second_50000_56673,0,0,0,8,4
emotionet_5_second_50000_56674,0,0,0,1,1
emotionet_5_second_50000_56719,0,1,0,3,1
emotionet_5_second_50000_56722,0,0,0,1,2
emotionet_5_second_50000_56725,0,0,0,6,2
emotionet_5_second_50000_56738,0,0,1,1,1
emotionet_5_second_50000_56750,0,0,0,8,4
emotionet_5_second_50000_56762,0,0,1,5,2
emotionet_5_second_50000_56788,0,0,0,3,2
emotionet_5_second_50000_56835,0,0,0,7,2
emotionet_5_second_50000_56840,0,0,0,1,2
emotionet_5_second_50000_56847,1,0,0,3,2
emotionet_5_second_50000_56849,0,0,0,7,2
emotionet_5_second_50000_56891,0,0,1,5,1
emotionet_5_second_50000_56896,1,0,0,1,2
emotionet_5_second_50000_56898,0,0,0,1,1
emotionet_5_second_50000_56918,0,0,0,1,1
emotionet_5_second_50000_56923,0,0,0,7,2
emotionet_5_second_50000_56924,0,0,0,1,2
emotionet_5_second_50000_57001,1,0,0,1,1
emotionet_5_second_50000_57046,0,0,0,1,2
emotionet_5_second_50000_57097,0,1,1,8,4
emotionet_5_second_50000_57099,0,0,0,7,2
emotionet_5_second_50000_57188,0,0,0,1,2
emotionet_5_second_50000_57200,0,0,0,6,2
emotionet_5_second_50000_57207,0,0,0,1,2
emotionet_5_second_50000_57209,0,0,0,3,2
emotionet_5_second_50000_57232,0,0,0,1,2
emotionet_5_second_50000_57235,0,0,0,3,2
emotionet_5_second_50000_57298,0,0,0,1,2
emotionet_5_second_50000_57316,0,0,0,1,2
emotionet_5_second_50000_57323,0,0,0,1,2
emotionet_5_second_50000_57324,0,0,0,1,2
emotionet_5_second_50000_57358,0,0,0,1,2
emotionet_5_second_50000_57380,0,0,0,1,2
emotionet_5_second_50000_57387,0,0,0,1,2
emotionet_5_second_50000_57420,0,0,0,1,2
emotionet_5_second_50000_57455,0,0,0,1,2
emotionet_5_second_50000_57460,0,0,0,1,2
emotionet_5_second_50000_57503,0,0,0,1,2
emotionet_5_second_50000_57543,0,0,0,5,1
emotionet_5_second_50000_57571,0,1,0,1,2
emotionet_5_second_50000_57576,0,0,0,7,2
emotionet_5_second_50000_57578,0,0,0,1,2
emotionet_5_second_50000_57614,0,0,0,1,2
emotionet_5_second_50000_57628,0,0,0,8,4
emotionet_5_second_50000_57661,1,0,1,5,1
emotionet_5_second_50000_57730,0,0,1,8,4
emotionet_5_second_50000_57739,0,0,0,1,2
emotionet_5_second_50000_57742,0,0,0,3,2
emotionet_5_second_50000_57745,0,0,0,7,1
emotionet_5_second_50000_57770,0,0,0,1,1
emotionet_5_second_50000_57777,0,0,0,1,1
emotionet_5_second_50000_57815,0,0,0,8,4
emotionet_5_second_50000_57827,0,1,0,7,1
emotionet_5_second_50000_57852,0,0,0,1,2
emotionet_5_second_50000_57855,0,0,0,7,1
emotionet_5_second_50000_57884,1,0,0,8,4
emotionet_5_second_50000_57903,0,1,0,8,4
emotionet_5_second_50000_57904,0,0,1,3,1
emotionet_5_second_50000_57933,0,1,0,1,2
emotionet_5_second_50000_57949,0,0,0,1,2
emotionet_5_second_50000_57951,0,0,0,6,2
emotionet_5_second_50000_57955,1,0,0,5,1
emotionet_5_second_50000_57960,0,0,0,8,4
emotionet_5_second_50000_57976,0,0,0,8,4
emotionet_5_second_50000_57978,0,0,0,3,1
emotionet_5_second_50000_58010,0,0,0,1,2
emotionet_5_second_50000_58017,0,0,0,1,2
emotionet_5_second_50000_58019,0,0,0,1,2
emotionet_5_second_50000_58050,0,0,0,1,1
emotionet_5_second_50000_58057,0,0,0,1,2
emotionet_5_second_50000_58062,0,0,0,0,2
emotionet_5_second_50000_58065,0,0,0,6,2
emotionet_5_second_50000_58116,0,0,0,1,2
emotionet_5_second_50000_58141,0,0,0,5,2
emotionet_5_second_50000_58174,1,0,0,3,2
emotionet_5_second_50000_58190,0,0,0,1,2
emotionet_5_second_50000_58197,0,0,0,3,1
emotionet_5_second_50000_58199,1,0,1,5,1
emotionet_5_second_50000_58218,0,0,0,8,0
emotionet_5_second_50000_58223,0,0,0,1,2
emotionet_5_second_50000_58258,0,0,0,1,2
emotionet_5_second_50000_58263,0,1,0,6,2
emotionet_5_second_50000_58300,0,0,0,1,2
emotionet_5_second_50000_58307,0,0,0,3,2
emotionet_5_second_50000_58309,0,0,0,6,2
emotionet_5_second_50000_58340,0,0,1,1,2
emotionet_5_second_50000_58347,0,0,0,1,2
emotionet_5_second_50000_58375,0,0,0,1,1
emotionet_5_second_50000_58391,1,0,0,3,2
emotionet_5_second_50000_58404,1,0,0,1,1
emotionet_5_second_50000_58476,0,0,0,8,4
emotionet_5_second_50000_58478,0,0,0,7,2
emotionet_5_second_50000_58512,0,0,0,3,2
emotionet_5_second_50000_58515,0,1,0,1,2
emotionet_5_second_50000_58520,0,0,0,8,4
emotionet_5_second_50000_58527,0,0,1,3,2
emotionet_5_second_50000_58529,0,0,0,1,2
emotionet_5_second_50000_58584,0,0,0,6,2
emotionet_5_second_50000_58605,0,0,0,1,2
emotionet_5_second_50000_58713,1,0,0,1,2
emotionet_5_second_50000_58714,0,1,0,0,2
emotionet_5_second_50000_58721,0,0,0,8,4
emotionet_5_second_50000_58761,0,0,1,1,2
emotionet_5_second_50000_58766,0,0,0,0,1
emotionet_5_second_50000_58768,0,0,0,1,2
emotionet_5_second_50000_58804,0,0,0,1,2
emotionet_5_second_50000_58892,0,0,0,1,2
emotionet_5_second_50000_58927,1,0,0,5,1
emotionet_5_second_50000_58929,0,0,0,5,2
emotionet_5_second_50000_58952,0,0,0,7,1
emotionet_5_second_50000_58955,0,0,0,8,4
emotionet_5_second_50000_58960,0,0,0,1,2
emotionet_5_second_50000_59039,0,0,0,7,2
emotionet_5_second_50000_59042,0,0,0,1,2
emotionet_5_second_50000_59093,0,0,0,1,2
emotionet_5_second_50000_59153,1,0,1,1,1
emotionet_5_second_50000_59154,0,0,0,8,4
emotionet_5_second_50000_59166,0,0,0,1,2
emotionet_5_second_50000_59182,0,0,0,8,4
emotionet_5_second_50000_59236,0,0,0,1,1
emotionet_5_second_50000_59243,0,0,0,1,2
emotionet_5_second_50000_59295,0,1,0,0,1
emotionet_5_second_50000_59315,0,0,0,7,1
emotionet_5_second_50000_59329,0,0,0,0,1
emotionet_5_second_50000_59346,0,0,0,1,2
emotionet_5_second_50000_59355,0,1,0,1,2
emotionet_5_second_50000_59360,0,0,2,8,4
emotionet_5_second_50000_59367,0,0,0,8,0
emotionet_5_second_50000_59369,0,0,0,1,2
emotionet_5_second_50000_59463,0,0,0,1,2
emotionet_5_second_50000_59507,0,0,0,8,4
emotionet_5_second_50000_59535,0,0,0,0,2
emotionet_5_second_50000_59540,0,0,1,8,4
emotionet_5_second_50000_59549,0,0,0,1,2
emotionet_5_second_50000_59596,0,0,0,6,2
emotionet_5_second_50000_59610,0,0,0,8,4
emotionet_5_second_50000_59625,0,0,2,1,1
emotionet_5_second_50000_59659,1,0,0,1,2
emotionet_5_second_50000_59688,0,0,0,3,2
emotionet_5_second_50000_59701,0,0,0,3,2
emotionet_5_second_50000_59706,0,0,0,1,2
emotionet_5_second_50000_59708,0,0,0,1,1
emotionet_5_second_50000_59799,0,1,0,8,4
emotionet_5_second_50000_59887,0,0,0,1,1
emotionet_5_second_50000_60110,0,1,0,8,4
emotionet_5_second_50000_60125,0,0,0,1,1
emotionet_5_second_50000_60143,0,1,0,3,2
emotionet_5_second_50000_60144,0,0,0,1,2
emotionet_5_second_50000_60150,0,1,0,1,1
emotionet_5_second_50000_60157,0,0,0,1,2
emotionet_5_second_50000_60162,0,0,0,7,2
emotionet_5_second_50000_60181,0,1,0,1,2
emotionet_5_second_50000_60188,0,0,1,0,2
emotionet_5_second_50000_60200,1,0,1,5,2
emotionet_5_second_50000_60207,0,1,0,7,2
emotionet_5_second_50000_60221,0,0,0,1,2
emotionet_5_second_50000_60232,0,1,0,1,2
emotionet_5_second_50000_60235,0,0,0,1,2
emotionet_5_second_50000_60311,0,0,0,3,2
emotionet_5_second_50000_60316,0,0,0,1,2
emotionet_5_second_50000_60323,0,0,0,4,2
emotionet_5_second_50000_60324,0,0,0,8,4
emotionet_5_second_50000_60364,0,0,0,8,0
emotionet_5_second_50000_60389,1,0,0,5,1
emotionet_5_second_50000_60412,0,0,0,1,2
emotionet_5_second_50000_60415,0,0,0,8,0
emotionet_5_second_50000_60429,0,1,0,1,2
emotionet_5_second_50000_60452,0,0,0,7,2
emotionet_5_second_50000_60536,0,0,0,3,2
emotionet_5_second_50000_60571,0,0,0,1,2
emotionet_5_second_50000_60592,0,0,0,1,2
emotionet_5_second_50000_60653,0,0,0,1,2
emotionet_5_second_50000_60682,0,0,0,1,2
emotionet_5_second_50000_60770,0,0,0,1,1
emotionet_5_second_50000_60779,0,0,0,1,2
emotionet_5_second_50000_60820,0,0,0,1,2
emotionet_5_second_50000_60867,0,1,0,1,2
emotionet_5_second_50000_60877,0,0,1,1,2
emotionet_5_second_50000_60903,0,0,0,1,2
emotionet_5_second_50000_60904,0,0,0,7,2
emotionet_5_second_50000_60931,0,0,0,3,2
emotionet_5_second_50000_60943,0,1,0,1,2
emotionet_5_second_50000_60944,0,0,0,3,2
emotionet_5_second_50000_60959,0,0,0,7,2
emotionet_5_second_50000_60995,0,0,0,8,0
emotionet_5_second_50000_61026,0,0,0,7,2
emotionet_5_second_50000_61061,1,0,1,3,2
emotionet_5_second_50000_61105,0,0,0,3,1
emotionet_5_second_50000_61139,0,0,0,1,2
emotionet_5_second_50000_61142,0,0,1,0,2
emotionet_5_second_50000_61193,0,0,0,1,2
emotionet_5_second_50000_61212,0,0,0,1,2
emotionet_5_second_50000_61215,0,0,1,4,2
emotionet_5_second_50000_61220,0,0,0,1,2
emotionet_5_second_50000_61227,0,0,0,1,2
emotionet_5_second_50000_61229,0,0,0,4,2
emotionet_5_second_50000_61252,0,1,0,3,2
emotionet_5_second_50000_61255,0,0,0,1,1
emotionet_5_second_50000_61303,0,0,0,1,2
emotionet_5_second_50000_61331,0,0,0,1,2
emotionet_5_second_50000_61336,0,0,0,6,2
emotionet_5_second_50000_61376,0,1,0,6,2
emotionet_5_second_50000_61416,0,0,0,1,2
emotionet_5_second_50000_61472,0,0,0,1,2
emotionet_5_second_50000_61558,0,0,0,1,2
emotionet_5_second_50000_61563,0,0,0,1,2
emotionet_5_second_50000_61564,0,0,0,8,4
emotionet_5_second_50000_61606,0,0,0,1,2
emotionet_5_second_50000_61608,0,0,0,1,1
emotionet_5_second_50000_61629,0,0,0,1,2
emotionet_5_second_50000_61633,1,0,0,5,2
emotionet_5_second_50000_61641,0,0,0,3,2
emotionet_5_second_50000_61646,0,0,0,3,2
emotionet_5_second_50000_61648,0,0,0,8,4
emotionet_5_second_50000_61655,0,0,0,1,2
emotionet_5_second_50000_61673,0,0,0,1,2
emotionet_5_second_50000_61674,0,0,0,1,2
emotionet_5_second_50000_61697,0,0,0,1,2
emotionet_5_second_50000_61750,0,1,0,1,1
emotionet_5_second_50000_61765,0,0,0,3,2
emotionet_5_second_50000_61781,0,0,0,0,0
emotionet_5_second_50000_61786,0,1,0,1,2
emotionet_5_second_50000_61809,0,0,0,8,4
emotionet_5_second_50000_61832,0,0,0,1,2
emotionet_5_second_50000_61835,0,0,0,3,1
emotionet_5_second_50000_61849,0,0,0,8,4
emotionet_5_second_50000_61872,0,0,0,3,2
emotionet_5_second_50000_61875,0,0,0,8,4
emotionet_5_second_50000_61898,1,0,1,5,1
emotionet_5_second_50000_61911,0,0,0,1,2
emotionet_5_second_50000_61916,1,0,0,8,4
emotionet_5_second_50000_61923,0,0,0,0,2
emotionet_5_second_50000_61924,0,0,0,1,2
emotionet_5_second_50000_61951,0,0,0,1,2
emotionet_5_second_50000_61956,0,0,0,8,4
emotionet_5_second_50000_61958,0,0,0,8,4
emotionet_5_second_50000_61989,0,0,0,1,2
emotionet_5_second_50000_62017,0,0,0,8,4
emotionet_5_second_50000_62025,0,0,0,1,2
emotionet_5_second_50000_62057,0,0,0,3,1
emotionet_5_second_50000_62086,0,0,0,1,2
emotionet_5_second_50000_62108,0,0,0,8,4
emotionet_5_second_50000_62173,0,1,0,5,1
emotionet_5_second_50000_62174,0,0,0,3,2
emotionet_5_second_50000_62211,0,0,1,8,4
emotionet_5_second_50000_62223,0,0,0,3,2
emotionet_5_second_50000_62258,0,0,0,3,2
emotionet_5_second_50000_62264,0,0,0,0,2
emotionet_5_second_50000_62289,0,0,0,1,2
emotionet_5_second_50000_62300,0,0,0,3,1
emotionet_5_second_50000_62307,0,1,0,1,1
emotionet_5_second_50000_62332,0,0,1,1,2
emotionet_5_second_50000_62353,0,0,0,3,1
emotionet_5_second_50000_62354,0,0,0,1,2
emotionet_5_second_50000_62391,0,0,0,1,2
emotionet_5_second_50000_62444,0,0,0,3,2
emotionet_5_second_50000_62471,0,0,0,7,2
emotionet_5_second_50000_62476,0,0,0,3,2
emotionet_5_second_50000_62492,0,0,0,3,1
emotionet_5_second_50000_62515,0,1,0,8,4
emotionet_5_second_50000_62529,0,0,0,3,2
emotionet_5_second_50000_62555,0,0,0,3,2
emotionet_5_second_50000_62560,0,1,0,3,1
emotionet_5_second_50000_62567,0,0,0,1,2
emotionet_5_second_50000_62583,0,0,0,1,2
emotionet_5_second_50000_62584,0,0,0,3,2
emotionet_5_second_50000_62602,0,0,2,3,2
emotionet_5_second_50000_62642,0,1,0,2,2
emotionet_5_second_50000_62645,0,0,0,1,2
emotionet_5_second_50000_62670,0,0,0,1,2
emotionet_5_second_50000_62679,0,0,0,3,2
emotionet_5_second_50000_62726,0,0,0,1,2
emotionet_5_second_50000_62728,0,0,0,1,2
emotionet_5_second_50000_62761,0,0,0,8,4
emotionet_5_second_50000_62766,0,0,0,8,4
emotionet_5_second_50000_62831,0,0,0,3,1
emotionet_5_second_50000_62843,0,0,0,1,2
emotionet_5_second_50000_62915,0,0,0,1,2
emotionet_5_second_50000_62920,0,0,1,1,2
emotionet_5_second_50000_62927,0,0,0,1,2
emotionet_5_second_50000_62960,0,0,0,1,2
emotionet_5_second_50000_62969,0,0,0,1,2
emotionet_5_second_50000_63030,0,0,0,1,1
emotionet_5_second_50000_63034,0,0,1,1,1
emotionet_5_second_50000_63051,0,0,0,1,2
emotionet_5_second_50000_63093,0,0,0,1,2
emotionet_5_second_50000_63094,0,0,0,1,2
emotionet_5_second_50000_63114,0,0,0,1,2
emotionet_5_second_50000_63121,0,0,0,7,2
emotionet_5_second_50000_63161,0,0,0,1,1
emotionet_5_second_50000_63168,0,0,0,1,1
emotionet_5_second_50000_63203,0,0,0,1,2
emotionet_5_second_50000_63204,0,0,0,1,2
emotionet_5_second_50000_63210,0,0,0,3,1
emotionet_5_second_50000_63219,0,1,0,1,2
emotionet_5_second_50000_63231,0,0,0,3,1
emotionet_5_second_50000_63236,0,1,0,1,2
emotionet_5_second_50000_63320,0,0,0,3,2
emotionet_5_second_50000_63355,0,0,0,4,2
emotionet_5_second_50000_63384,0,0,0,1,2
emotionet_5_second_50000_63423,0,0,0,1,2
emotionet_5_second_50000_63424,0,1,0,1,1
emotionet_5_second_50000_63451,0,0,0,1,2
emotionet_5_second_50000_63463,0,0,0,1,2
emotionet_5_second_50000_63464,0,0,0,1,2
emotionet_5_second_50000_63480,0,1,0,1,1
emotionet_5_second_50000_63487,0,0,0,3,2
emotionet_5_second_50000_63489,0,0,1,5,1
emotionet_5_second_50000_63500,0,0,0,3,2
emotionet_5_second_50000_63591,0,0,0,1,2
emotionet_5_second_50000_63617,0,0,0,1,2
emotionet_5_second_50000_63708,0,0,0,1,2
emotionet_5_second_50000_63720,0,0,0,1,2
emotionet_5_second_50000_63741,0,0,0,1,2
emotionet_5_second_50000_63773,0,0,0,1,1
emotionet_5_second_50000_63774,0,0,1,1,1
emotionet_5_second_50000_63790,0,0,0,1,1
emotionet_5_second_50000_63824,1,0,0,3,1
emotionet_5_second_50000_63851,0,0,0,1,1
emotionet_5_second_50000_63858,0,0,0,5,2
emotionet_5_second_50000_63879,0,0,0,1,2
emotionet_5_second_50000_63880,0,0,0,1,2
emotionet_5_second_50000_63887,1,0,0,5,2
emotionet_5_second_50000_63926,0,0,0,3,2
emotionet_5_second_50000_63932,1,0,0,8,4
emotionet_5_second_50000_63949,0,0,0,1,2
emotionet_5_second_50000_63975,0,0,0,1,1
emotionet_5_second_50000_64009,0,0,0,1,1
emotionet_5_second_50000_64040,0,0,0,1,1
emotionet_5_second_50000_64049,0,0,0,3,2
emotionet_5_second_50000_64072,0,0,0,5,2
emotionet_5_second_50000_64075,0,0,0,8,4
emotionet_5_second_50000_64091,0,0,0,1,1
emotionet_5_second_50000_64096,0,0,0,6,1
emotionet_5_second_50000_64098,0,0,0,1,2
emotionet_5_second_50000_64111,0,0,0,1,1
emotionet_5_second_50000_64116,0,0,0,1,2
emotionet_5_second_50000_64156,0,0,0,1,2
emotionet_5_second_50000_64158,0,0,0,5,2
emotionet_5_second_50000_64164,0,0,0,1,2
emotionet_5_second_50000_64187,0,0,0,1,2
emotionet_5_second_50000_64241,0,0,0,1,2
emotionet_5_second_50000_64246,1,0,0,3,2
emotionet_5_second_50000_64274,0,0,0,3,2
emotionet_5_second_50000_64297,0,0,1,1,2
emotionet_5_second_50000_64319,0,0,0,1,2
emotionet_5_second_50000_64322,0,0,0,5,2
emotionet_5_second_50000_64325,0,0,0,1,2
emotionet_5_second_50000_64357,0,0,0,8,4
emotionet_5_second_50000_64359,0,0,0,8,4
emotionet_5_second_50000_64362,0,0,0,1,2
emotionet_5_second_50000_64388,0,0,0,1,2
emotionet_5_second_50000_64413,0,0,0,4,2
emotionet_5_second_50000_64453,0,0,0,1,2
emotionet_5_second_50000_64485,0,0,0,1,2
emotionet_5_second_50000_64502,0,0,0,3,2
emotionet_5_second_50000_64537,0,0,0,5,2
emotionet_5_second_50000_64570,0,0,0,7,2
emotionet_5_second_50000_64627,0,0,0,1,2
emotionet_5_second_50000_64667,0,0,0,3,2
emotionet_5_second_50000_64703,0,0,0,3,1
emotionet_5_second_50000_64704,0,0,0,1,2
emotionet_5_second_50000_64731,0,0,0,5,2
emotionet_5_second_50000_64736,0,0,1,1,2
emotionet_5_second_50000_64752,0,0,1,8,0
emotionet_5_second_50000_64792,0,0,0,1,2
emotionet_5_second_50000_64795,0,0,0,8,4
emotionet_5_second_50000_64821,0,0,0,1,2
emotionet_5_second_50000_64826,0,0,0,3,2
emotionet_5_second_50000_64828,0,0,0,1,2
emotionet_5_second_50000_64861,0,0,0,3,2
emotionet_5_second_50000_64882,0,0,0,3,2
emotionet_5_second_50000_64902,0,0,0,1,2
emotionet_5_second_50000_64905,0,0,0,3,2
emotionet_5_second_50000_64922,0,0,0,3,2
emotionet_5_second_50000_64939,0,0,0,8,4
emotionet_5_second_50000_64942,0,0,2,1,1
emotionet_5_second_50000_64970,0,0,0,1,1
emotionet_5_second_50000_64977,0,0,0,3,2
emotionet_5_second_50000_64979,0,0,0,5,2
emotionet_5_second_50000_65027,0,0,0,1,2
emotionet_5_second_50000_65029,0,0,0,8,4
emotionet_5_second_50000_65067,0,0,0,1,2
emotionet_5_second_50000_65103,0,0,0,1,2
emotionet_5_second_50000_65104,0,0,0,1,2
emotionet_5_second_50000_65143,0,0,0,1,2
emotionet_5_second_50000_65144,0,0,0,1,2
emotionet_5_second_50000_65282,0,0,0,3,2
emotionet_5_second_50000_65285,0,0,0,3,2
emotionet_5_second_50000_65339,0,0,0,1,2
emotionet_5_second_50000_65342,0,0,0,8,4
emotionet_5_second_50000_65345,0,0,0,1,2
emotionet_5_second_50000_65370,0,0,0,1,2
emotionet_5_second_50000_65406,0,0,0,1,2
emotionet_5_second_50000_65420,0,0,0,3,2
emotionet_5_second_50000_65429,0,0,0,3,2
emotionet_5_second_50000_65434,0,0,0,6,2
emotionet_5_second_50000_65446,0,0,0,8,4
emotionet_5_second_50000_65448,0,0,0,1,2
emotionet_5_second_50000_65490,0,0,0,1,2
emotionet_5_second_50000_65497,0,0,0,1,2
emotionet_5_second_50000_65499,0,0,0,8,0
emotionet_5_second_50000_65510,0,0,0,1,2
emotionet_5_second_50000_65517,0,0,0,1,2
emotionet_5_second_50000_65519,0,0,0,1,2
emotionet_5_second_50000_65522,0,0,0,7,2
emotionet_5_second_50000_65565,0,0,0,8,4
emotionet_5_second_50000_65588,0,0,0,3,2
emotionet_5_second_50000_65600,0,0,0,3,2
emotionet_5_second_50000_65649,0,0,0,3,2
emotionet_5_second_50000_65672,1,0,0,8,4
emotionet_5_second_50000_65698,0,0,0,3,2
emotionet_5_second_50000_65711,0,0,0,3,2
emotionet_5_second_50000_65716,0,0,0,1,2
emotionet_5_second_50000_65723,0,0,0,1,2
emotionet_5_second_50000_65756,0,0,0,3,2
emotionet_5_second_50000_65780,0,0,0,3,1
emotionet_5_second_50000_65789,0,0,0,1,2
emotionet_5_second_50000_65834,1,0,0,3,2
emotionet_5_second_50000_65841,0,0,0,1,2
emotionet_5_second_50000_65846,0,0,0,5,2
emotionet_5_second_50000_65873,0,0,0,8,4
emotionet_5_second_50000_65874,0,0,0,7,2
emotionet_5_second_50000_65917,0,0,0,1,2
emotionet_5_second_50000_66011,0,0,0,4,2
emotionet_5_second_50000_66051,0,0,0,1,2
emotionet_5_second_50000_66056,0,0,0,1,2
emotionet_5_second_50000_66063,0,0,0,1,2
emotionet_5_second_50000_66064,0,0,0,3,1
emotionet_5_second_50000_66109,0,0,0,1,2
emotionet_5_second_50000_66147,0,0,0,1,2
emotionet_5_second_50000_66149,0,0,0,8,4
emotionet_5_second_50000_66219,0,0,0,8,4
emotionet_5_second_50000_66222,0,0,2,1,1
emotionet_5_second_50000_66259,0,0,0,5,1
emotionet_5_second_50000_66262,0,0,0,7,1
emotionet_5_second_50000_66281,0,0,0,1,1
emotionet_5_second_50000_66306,0,0,0,1,1
emotionet_5_second_50000_66373,0,0,0,8,4
emotionet_5_second_50000_66374,0,0,0,3,2
emotionet_5_second_50000_66390,0,0,1,1,2
emotionet_5_second_50000_66430,0,0,0,1,1
emotionet_5_second_50000_66513,0,0,0,1,1
emotionet_5_second_50000_66514,0,0,0,1,1
emotionet_5_second_50000_66526,0,0,0,3,1
emotionet_5_second_50000_66568,0,0,0,1,2
emotionet_5_second_50000_66603,0,0,0,1,1
emotionet_5_second_50000_66678,0,0,0,8,0
emotionet_5_second_50000_66767,0,0,0,6,2
emotionet_5_second_50000_66769,0,0,0,3,2
emotionet_5_second_50000_66799,0,0,0,1,2
emotionet_5_second_50000_66877,0,0,0,1,1
emotionet_5_second_50000_66966,0,0,0,1,2
emotionet_5_second_50000_66972,0,0,0,8,4
emotionet_5_second_50000_66982,0,0,0,3,2
emotionet_5_second_50000_67003,0,0,0,1,2
emotionet_5_second_50000_67038,0,0,0,1,2
emotionet_5_second_50000_67071,0,0,0,3,2
emotionet_5_second_50000_67076,0,0,0,1,2
emotionet_5_second_50000_67092,1,0,0,8,4
emotionet_5_second_50000_67095,0,0,0,7,2
emotionet_5_second_50000_67129,0,0,0,1,2
emotionet_5_second_50000_67152,0,0,0,8,4
emotionet_5_second_50000_67230,0,0,0,1,2
emotionet_5_second_50000_67270,0,0,0,3,1
emotionet_5_second_50000_67353,0,0,0,1,1
emotionet_5_second_50000_67366,0,0,0,8,4
emotionet_5_second_50000_67368,0,0,0,1,2
emotionet_5_second_50000_67422,0,0,0,5,1
emotionet_5_second_50000_67425,1,0,1,1,2
emotionet_5_second_50000_67459,0,0,1,1,2
emotionet_5_second_50000_67501,0,0,0,3,1
emotionet_5_second_50000_67506,0,0,0,8,4
emotionet_5_second_50000_67590,0,0,0,6,2
emotionet_5_second_50000_67597,0,0,1,1,1
emotionet_5_second_50000_67599,0,0,0,3,1
emotionet_5_second_50000_67656,0,0,0,1,1
emotionet_5_second_50000_67680,0,0,0,0,2
emotionet_5_second_50000_67689,0,0,0,8,4
emotionet_5_second_50000_67707,0,0,0,1,2
emotionet_5_second_50000_67749,0,0,0,3,1
emotionet_5_second_50000_67772,0,0,0,1,2
emotionet_5_second_50000_67810,0,0,0,1,2
emotionet_5_second_50000_67857,0,0,1,1,1
emotionet_5_second_50000_67862,0,0,0,1,2
emotionet_5_second_50000_67865,0,0,0,8,4
emotionet_5_second_50000_67881,0,0,0,5,2
emotionet_5_second_50000_67886,0,0,0,1,2
emotionet_5_second_50000_67946,0,0,0,8,4
emotionet_5_second_50000_67948,0,0,0,1,2
emotionet_5_second_50000_67973,0,0,0,3,2
emotionet_5_second_50000_67974,0,0,0,1,2
emotionet_5_second_50000_67997,0,0,0,1,2
emotionet_5_second_50000_68012,0,0,0,8,4
emotionet_5_second_50000_68015,0,0,0,6,1
emotionet_5_second_50000_68027,0,0,0,3,2
emotionet_5_second_50000_68103,0,0,0,7,2
emotionet_5_second_50000_68129,0,0,0,7,2
emotionet_5_second_50000_68131,0,0,0,3,2
emotionet_5_second_50000_68171,0,0,0,1,2
emotionet_5_second_50000_68213,0,0,0,1,2
emotionet_5_second_50000_68214,0,1,1,1,2
emotionet_5_second_50000_68268,0,0,0,6,2
emotionet_5_second_50000_68379,0,0,0,1,2
emotionet_5_second_50000_68393,0,0,1,3,2
emotionet_5_second_50000_68394,0,0,0,1,2
emotionet_5_second_50000_68433,0,0,0,1,2
emotionet_5_second_50000_68473,0,0,0,1,2
emotionet_5_second_50000_68497,0,1,0,8,4
emotionet_5_second_50000_68517,0,0,0,8,4
emotionet_5_second_50000_68519,0,0,0,1,2
emotionet_5_second_50000_68557,0,0,0,8,4
emotionet_5_second_50000_68581,0,0,0,1,2
emotionet_5_second_50000_68609,0,0,0,1,2
emotionet_5_second_50000_68899,0,0,0,1,2
emotionet_5_second_50000_68910,0,0,0,3,2
emotionet_5_second_50000_68917,0,0,1,1,1
emotionet_5_second_50000_68919,0,0,0,3,2
emotionet_5_second_50000_68922,0,0,0,8,4
emotionet_5_second_50000_68925,0,0,0,3,2
emotionet_5_second_50000_68988,0,0,0,8,4
emotionet_5_second_50000_69040,0,0,0,1,2
emotionet_5_second_50000_69091,0,0,0,1,2
emotionet_5_second_50000_69096,0,0,0,1,1
emotionet_5_second_50000_69098,0,0,0,1,2
emotionet_5_second_50000_69111,0,0,0,2,2
emotionet_5_second_50000_69116,1,0,0,8,4
emotionet_5_second_50000_69118,1,0,1,8,4
emotionet_5_second_50000_69123,0,0,0,1,2
emotionet_5_second_50000_69124,0,0,0,8,4
emotionet_5_second_50000_69189,0,0,0,8,0
emotionet_5_second_50000_69201,0,0,0,1,1
emotionet_5_second_50000_69206,0,0,0,1,2
emotionet_5_second_50000_69233,0,0,0,6,1
emotionet_5_second_50000_69234,0,0,0,1,1
emotionet_5_second_50000_69248,0,0,0,1,2
emotionet_5_second_50000_69273,0,0,1,5,1
emotionet_5_second_50000_69317,1,0,0,8,4
emotionet_5_second_50000_69322,0,0,0,6,1
emotionet_5_second_50000_69357,0,0,0,1,2
emotionet_5_second_50000_69359,0,0,0,8,0
emotionet_5_second_50000_69453,1,0,0,5,1
emotionet_5_second_50000_69454,0,0,0,6,2
emotionet_5_second_50000_69461,0,0,0,3,2
emotionet_5_second_50000_69482,0,0,0,8,0
emotionet_5_second_50000_69505,0,0,0,3,2
emotionet_5_second_50000_69570,0,0,0,8,4
emotionet_5_second_50000_69577,1,0,0,1,1
emotionet_5_second_50000_69594,0,0,1,3,2
emotionet_5_second_50000_69615,0,0,1,1,2
emotionet_5_second_50000_69629,0,0,0,1,1
emotionet_5_second_50000_69641,0,0,0,1,2
emotionet_5_second_50000_69652,0,0,0,1,2
emotionet_5_second_50000_69660,0,0,0,3,1
emotionet_5_second_50000_69667,0,0,0,1,1
emotionet_5_second_50000_69669,0,0,0,1,2
emotionet_5_second_50000_69684,0,0,0,8,4
emotionet_5_second_50000_69738,0,0,0,1,2
emotionet_5_second_50000_69771,0,0,0,6,2
emotionet_5_second_50000_69828,0,0,1,8,4
emotionet_5_second_50000_69882,0,0,0,7,1
emotionet_5_second_50000_69885,0,0,0,1,1
emotionet_5_second_50000_69902,1,0,0,4,2
emotionet_5_second_50000_69905,0,0,0,1,2
emotionet_5_second_50000_69930,0,0,0,7,1
emotionet_5_second_50000_69977,0,0,0,7,1
emotionet_5_second_50000_70023,0,0,0,1,2
emotionet_5_second_50000_70089,0,0,0,7,1
emotionet_5_second_50000_70100,0,0,0,3,2
emotionet_5_second_50000_70107,0,0,0,3,2
emotionet_5_second_50000_70132,0,0,1,1,1
emotionet_5_second_50000_70135,0,0,1,8,0
emotionet_5_second_50000_70140,0,0,0,3,1
emotionet_5_second_50000_70147,0,0,0,6,2
emotionet_5_second_50000_70191,1,0,0,6,2
emotionet_5_second_50000_70196,0,0,0,3,1
emotionet_5_second_50000_70198,0,0,0,3,2
emotionet_5_second_50000_70210,0,0,0,3,2
emotionet_5_second_50000_70259,0,0,0,3,2
emotionet_5_second_50000_70286,0,0,1,5,1
emotionet_5_second_50000_70306,0,0,0,1,2
emotionet_5_second_50000_70308,0,0,0,1,2
emotionet_5_second_50000_70333,1,0,0,5,1
emotionet_5_second_50000_70334,0,0,1,1,2
emotionet_5_second_50000_70348,0,0,0,7,1
emotionet_5_second_50000_70399,0,0,0,3,2
emotionet_5_second_50000_70470,0,0,0,1,2
emotionet_5_second_50000_70493,0,0,0,5,2
emotionet_5_second_50000_70521,0,0,0,7,1
emotionet_5_second_50000_70526,1,0,0,1,1
emotionet_5_second_50000_70528,0,0,0,7,1
emotionet_5_second_50000_70553,0,0,1,1,2
emotionet_5_second_50000_70561,0,0,0,6,1
emotionet_5_second_50000_70566,0,0,0,3,2
emotionet_5_second_50000_70582,0,0,0,5,2
emotionet_5_second_50000_70585,0,0,0,1,1
emotionet_5_second_50000_70631,0,0,0,8,0
emotionet_5_second_50000_70643,0,0,0,1,1
emotionet_5_second_50000_70644,0,0,0,1,1
emotionet_5_second_50000_70676,0,0,1,1,2
emotionet_5_second_50000_70755,0,0,0,8,4
emotionet_5_second_50000_70760,1,0,0,5,2
emotionet_5_second_50000_70783,0,0,1,3,2
emotionet_5_second_50000_70805,0,0,0,3,2
emotionet_5_second_50000_70837,0,0,0,8,4
emotionet_5_second_50000_70858,0,0,1,6,1
emotionet_5_second_50000_70879,0,0,0,1,1
emotionet_5_second_50000_70913,0,0,0,1,1
emotionet_5_second_50000_70914,0,0,1,1,2
emotionet_5_second_50000_70921,0,0,1,1,2
emotionet_5_second_50000_70926,1,0,0,2,2
emotionet_5_second_50000_70928,0,0,0,1,1
emotionet_5_second_50000_70985,0,0,1,1,2
emotionet_5_second_50000_71003,0,0,0,1,2
emotionet_5_second_50000_71004,0,0,0,0,2
emotionet_5_second_50000_71019,0,0,1,3,1
emotionet_5_second_50000_71031,0,0,0,1,2
emotionet_5_second_50000_71036,0,0,0,1,2
emotionet_5_second_50000_71076,1,0,0,8,4
emotionet_5_second_50000_71112,1,0,0,6,1
emotionet_5_second_50000_71120,0,0,0,7,2
emotionet_5_second_50000_71152,0,0,0,1,2
emotionet_5_second_50000_71155,0,0,0,1,1
emotionet_5_second_50000_71184,0,0,0,1,2
emotionet_5_second_50000_71202,0,0,0,1,1
emotionet_5_second_50000_71205,0,0,1,1,1
emotionet_5_second_50000_71321,0,0,0,1,2
emotionet_5_second_50000_71366,0,0,0,5,2
emotionet_5_second_50000_71457,0,0,2,5,2
emotionet_5_second_50000_71508,0,0,0,1,1
emotionet_5_second_50000_71599,0,0,0,5,1
emotionet_5_second_50000_71637,0,0,0,1,1
emotionet_5_second_50000_71639,0,0,0,3,2
emotionet_5_second_50000_71707,0,0,0,8,4
emotionet_5_second_50000_71819,0,0,0,1,2
emotionet_5_second_50000_71825,0,0,0,3,2
emotionet_5_second_50000_71859,0,0,1,5,1
emotionet_5_second_50000_71862,1,0,0,8,4
emotionet_5_second_50000_71865,0,0,1,5,1
emotionet_5_second_50000_71888,0,0,1,1,2
emotionet_5_second_50000_71901,0,0,1,5,1
emotionet_5_second_50000_71906,0,0,0,1,2
emotionet_5_second_50000_71933,0,0,0,5,1
emotionet_5_second_50000_71934,0,0,0,1,1
emotionet_5_second_50000_71941,0,0,0,3,1
emotionet_5_second_50000_71946,0,0,0,1,2
emotionet_5_second_50000_71948,0,0,0,1,2
emotionet_5_second_50000_71997,0,0,1,1,1
emotionet_5_second_50000_71999,0,0,0,3,1
emotionet_5_second_50000_72035,0,0,1,5,1
emotionet_5_second_50000_72040,0,0,0,8,0
emotionet_5_second_50000_72049,0,0,0,1,2
emotionet_5_second_50000_72096,0,0,1,6,1
emotionet_5_second_50000_72163,0,0,0,8,0
emotionet_5_second_50000_72241,0,0,0,1,2
emotionet_5_second_50000_72273,0,0,1,3,2
emotionet_5_second_50000_72274,0,0,0,4,1
emotionet_5_second_50000_72357,0,0,0,1,2
emotionet_5_second_50000_72386,0,0,0,1,2
emotionet_5_second_50000_72428,0,0,0,1,2
emotionet_5_second_50000_72453,0,0,0,1,2
emotionet_5_second_50000_72539,0,0,0,3,2
emotionet_5_second_50000_72545,0,0,0,1,2
emotionet_5_second_50000_72570,0,0,0,3,2
emotionet_5_second_50000_72577,0,0,0,1,2
emotionet_5_second_50000_72652,0,0,0,1,2
emotionet_5_second_50000_72660,0,0,0,1,2
emotionet_5_second_50000_72683,0,0,0,1,2
emotionet_5_second_50000_72684,0,0,0,2,2
emotionet_5_second_50000_72731,0,0,0,1,2
emotionet_5_second_50000_72736,0,0,0,1,2
emotionet_5_second_50000_72738,0,0,0,3,2
emotionet_5_second_50000_72743,0,0,0,1,2
emotionet_5_second_50000_72744,0,0,0,1,2
emotionet_5_second_50000_72771,0,0,0,1,2
emotionet_5_second_50000_72792,0,0,0,3,2
emotionet_5_second_50000_72813,0,0,0,3,2
emotionet_5_second_50000_72814,0,0,0,6,2
emotionet_5_second_50000_72821,0,0,0,1,2
emotionet_5_second_50000_72826,0,0,0,1,2
emotionet_5_second_50000_72882,0,0,0,3,2
emotionet_5_second_50000_72885,0,0,0,3,2
emotionet_5_second_50000_72977,0,0,0,7,2
emotionet_5_second_50000_72979,0,0,0,3,2
emotionet_5_second_50000_73052,0,0,0,1,2
emotionet_5_second_50000_73055,0,0,0,1,2
emotionet_5_second_50000_73084,0,0,0,6,2
emotionet_5_second_50000_73104,0,0,0,3,2
emotionet_5_second_50000_73131,0,0,0,1,2
emotionet_5_second_50000_73178,0,0,0,1,2
emotionet_5_second_50000_73221,0,0,0,8,4
emotionet_5_second_50000_73226,0,0,0,1,2
emotionet_5_second_50000_73261,0,0,0,5,1
emotionet_5_second_50000_73268,0,0,0,8,4
emotionet_5_second_50000_73345,0,0,1,7,1
emotionet_5_second_50000_73393,0,0,0,7,2
emotionet_5_second_50000_73394,0,0,0,3,2
emotionet_5_second_50000_73408,0,0,0,1,2
emotionet_5_second_50000_73434,0,0,0,6,2
emotionet_5_second_50000_73441,1,0,0,8,4
emotionet_5_second_50000_73448,0,0,0,7,2
emotionet_5_second_50000_73473,0,0,0,8,4
emotionet_5_second_50000_73497,0,0,0,1,2
emotionet_5_second_50000_73499,0,0,0,4,2
emotionet_5_second_50000_73510,0,0,0,1,2
emotionet_5_second_50000_73519,0,0,0,1,2
emotionet_5_second_50000_73550,0,0,0,8,4
emotionet_5_second_50000_73557,0,0,0,1,2
emotionet_5_second_50000_73581,0,0,0,6,2
emotionet_5_second_50000_73586,0,0,0,1,2
emotionet_5_second_50000_73600,0,0,0,1,1
emotionet_5_second_50000_73607,0,0,0,8,4
emotionet_5_second_50000_73640,0,0,0,5,1
emotionet_5_second_50000_73647,0,0,0,3,1
emotionet_5_second_50000_73672,0,0,0,3,2
emotionet_5_second_50000_73675,0,0,0,3,2
emotionet_5_second_50000_73696,0,0,0,1,2
emotionet_5_second_50000_73718,0,0,0,8,4
emotionet_5_second_50000_73723,1,0,0,6,2
emotionet_5_second_50000_73724,0,0,0,3,2
emotionet_5_second_50000_73763,0,0,1,3,1
emotionet_5_second_50000_73764,0,0,0,8,4
emotionet_5_second_50000_73780,0,0,1,3,2
emotionet_5_second_50000_73841,0,0,1,1,1
emotionet_5_second_50000_73846,0,0,1,6,1
emotionet_5_second_50000_73848,0,0,1,5,1
emotionet_5_second_50000_73910,0,0,0,1,2
emotionet_5_second_50000_73919,0,0,0,1,2
emotionet_5_second_50000_73959,0,0,0,7,2
emotionet_5_second_50000_73962,0,0,0,3,2
emotionet_5_second_50000_73965,0,0,0,7,2
emotionet_5_second_50000_74019,1,0,0,1,2
emotionet_5_second_50000_74022,0,0,0,3,2
emotionet_5_second_50000_74059,0,0,0,3,2
emotionet_5_second_50000_74065,0,0,0,3,2
emotionet_5_second_50000_74086,0,0,0,8,4
emotionet_5_second_50000_74108,0,0,0,1,2
emotionet_5_second_50000_74174,0,0,0,1,1
emotionet_5_second_50000_74197,0,0,0,8,4
emotionet_5_second_50000_74216,0,0,0,1,2
emotionet_5_second_50000_74218,0,0,0,3,2
emotionet_5_second_50000_74251,0,0,0,3,2
emotionet_5_second_50000_74256,0,0,0,8,0
emotionet_5_second_50000_74261,0,0,1,7,1
emotionet_5_second_50000_74264,0,0,0,1,2
emotionet_5_second_50000_74287,0,0,0,1,2
emotionet_5_second_50000_74309,0,0,0,3,2
emotionet_5_second_50000_74335,0,0,0,1,1
emotionet_5_second_50000_74340,0,0,0,1,2
emotionet_5_second_50000_74375,0,0,0,1,2
emotionet_5_second_50000_74398,0,0,1,1,1
emotionet_5_second_50000_74403,0,0,0,8,4
emotionet_5_second_50000_74404,0,0,0,1,1
emotionet_5_second_50000_74431,0,0,0,1,2
emotionet_5_second_50000_74444,0,0,1,1,2
emotionet_5_second_50000_74512,0,0,0,3,1
emotionet_5_second_50000_74515,0,0,1,1,2
emotionet_5_second_50000_74520,0,0,0,5,1
emotionet_5_second_50000_74895,0,0,0,3,2
emotionet_5_second_50000_74955,0,0,0,1,2
emotionet_5_second_50000_74960,0,0,0,1,2
emotionet_5_second_50000_74967,0,0,0,1,2
emotionet_5_second_50000_75030,0,0,0,1,2
emotionet_5_second_50000_75037,0,0,0,3,2
emotionet_5_second_50000_75039,0,0,0,1,2
emotionet_5_second_50000_75045,0,0,0,3,2
emotionet_5_second_50000_75070,0,0,2,1,2
emotionet_5_second_50000_75114,0,0,0,1,2
emotionet_5_second_50000_75153,0,0,0,3,2
emotionet_5_second_50000_75154,0,0,0,3,2
emotionet_5_second_50000_75161,0,0,0,1,2
emotionet_5_second_50000_75166,0,0,0,1,2
emotionet_5_second_50000_75182,0,0,0,1,2
emotionet_5_second_50000_75185,0,0,0,6,2
emotionet_5_second_50000_75204,0,0,0,1,2
emotionet_5_second_50000_75271,0,0,0,1,2
emotionet_5_second_50000_75276,0,0,0,3,2
emotionet_5_second_50000_75292,0,0,0,6,2
emotionet_5_second_50000_75320,0,0,0,3,2
emotionet_5_second_50000_75329,1,0,0,7,1
emotionet_5_second_50000_75360,0,0,0,1,2
emotionet_5_second_50000_75383,0,0,0,5,1
emotionet_5_second_50000_75384,0,0,0,1,2
emotionet_5_second_50000_75411,0,0,0,3,2
emotionet_5_second_50000_75424,0,0,0,1,2
emotionet_5_second_50000_75480,0,0,0,1,2
emotionet_5_second_50000_75535,0,0,0,8,4
emotionet_5_second_50000_75619,0,0,0,8,4
emotionet_5_second_50000_75625,0,0,0,1,2
emotionet_5_second_50000_75659,0,0,0,1,4
emotionet_5_second_50000_75746,0,0,0,1,2
emotionet_5_second_50000_75748,0,0,0,3,2
emotionet_5_second_50000_75797,0,1,0,1,2
emotionet_5_second_50000_75799,0,0,0,8,4
emotionet_5_second_50000_75851,0,0,0,3,1
emotionet_5_second_50000_75856,0,0,0,8,4
emotionet_5_second_50000_75858,0,0,0,8,4
emotionet_5_second_50000_75863,0,0,0,1,2
emotionet_5_second_50000_75889,0,0,0,8,4
emotionet_5_second_50000_75907,0,0,0,6,2
emotionet_5_second_50000_75909,0,0,0,3,1
emotionet_5_second_50000_75947,0,0,0,1,2
emotionet_5_second_50000_75972,0,0,0,4,2
emotionet_5_second_50000_75991,0,0,0,1,2
emotionet_5_second_50000_75996,0,0,0,7,2
emotionet_5_second_50000_76001,0,0,0,1,2
emotionet_5_second_50000_76046,0,0,0,8,4
emotionet_5_second_50000_76073,0,0,1,3,1
emotionet_5_second_50000_76122,0,0,0,3,2
emotionet_5_second_50000_76125,0,0,0,8,4
emotionet_5_second_50000_76159,0,0,0,1,2
emotionet_5_second_50000_76186,0,0,0,1,2
emotionet_5_second_50000_76188,0,0,0,1,2
emotionet_5_second_50000_76311,0,0,0,3,2
emotionet_5_second_50000_76363,0,0,0,1,1
emotionet_5_second_50000_76380,0,0,0,8,4
emotionet_5_second_50000_76412,0,0,0,1,2
emotionet_5_second_50000_76415,0,0,0,6,2
emotionet_5_second_50000_76420,0,0,1,3,2
emotionet_5_second_50000_76427,0,0,0,3,2
emotionet_5_second_50000_76460,0,0,1,3,2
emotionet_5_second_50000_76469,0,0,0,1,2
emotionet_5_second_50000_76504,0,0,0,8,4
emotionet_5_second_50000_76536,0,0,0,8,4
emotionet_5_second_50000_76538,0,0,0,1,2
emotionet_5_second_50000_76543,0,0,0,1,1
emotionet_5_second_50000_76544,0,0,0,1,2
emotionet_5_second_50000_76613,0,0,0,1,2
emotionet_5_second_50000_76626,0,0,1,1,2
emotionet_5_second_50000_76668,0,0,0,3,2
emotionet_5_second_50000_76730,0,0,0,1,2
emotionet_5_second_50000_76737,0,0,0,1,2
emotionet_5_second_50000_76777,0,0,0,1,2
emotionet_5_second_50000_76779,0,0,0,1,2
emotionet_5_second_50000_76852,0,0,0,1,1
emotionet_5_second_50000_76855,0,0,0,8,4
emotionet_5_second_50000_76860,0,0,1,3,2
emotionet_5_second_50000_76867,0,0,1,3,2
emotionet_5_second_50000_76869,0,0,1,1,2
emotionet_5_second_50000_76883,0,0,0,8,4
emotionet_5_second_50000_76931,0,0,0,3,2
emotionet_5_second_50000_76938,0,0,0,5,2
emotionet_5_second_50000_76943,0,0,0,8,4
emotionet_5_second_50000_76944,0,0,0,1,2
emotionet_5_second_50000_76962,0,0,0,3,2
emotionet_5_second_50000_76971,0,0,0,3,2
emotionet_5_second_50000_76976,0,0,0,3,2
emotionet_5_second_50000_76992,0,0,0,1,2
emotionet_5_second_50000_77013,0,0,0,4,2
emotionet_5_second_50000_77014,0,0,0,8,4
emotionet_5_second_50000_77028,0,0,0,8,4
emotionet_5_second_50000_77130,0,0,0,8,0
emotionet_5_second_50000_77137,0,0,0,3,2
emotionet_5_second_50000_77139,0,0,0,7,2
emotionet_5_second_50000_77142,0,0,0,3,2
emotionet_5_second_50000_77164,0,0,0,7,2
emotionet_5_second_50000_77177,0,0,0,8,4
emotionet_5_second_50000_77194,0,0,0,7,2
emotionet_5_second_50000_77220,0,0,0,1,2
emotionet_5_second_50000_77229,0,0,0,7,2
emotionet_5_second_50000_77252,0,0,0,8,4
emotionet_5_second_50000_77267,0,0,0,7,2
emotionet_5_second_50000_77283,0,0,0,7,1
emotionet_5_second_50000_77284,0,0,0,1,2
emotionet_5_second_50000_77304,0,0,0,8,4
emotionet_5_second_50000_77343,0,0,0,1,1
emotionet_5_second_50000_77344,0,0,0,3,2
emotionet_5_second_50000_77371,0,0,0,8,4
emotionet_5_second_50000_77395,0,0,0,3,2
emotionet_5_second_50000_77407,0,0,0,1,2
emotionet_5_second_50000_77409,0,0,0,1,2
emotionet_5_second_50000_77449,0,0,0,1,2
emotionet_5_second_50000_77498,0,0,0,1,2
emotionet_5_second_50000_77523,0,0,0,0,0
emotionet_5_second_50000_77524,0,0,0,8,4
emotionet_5_second_50000_77551,0,0,0,8,4
emotionet_5_second_50000_77558,0,0,0,1,2
emotionet_5_second_50000_77587,0,0,0,3,1
emotionet_5_second_50000_77589,0,0,0,1,2
emotionet_5_second_50000_77601,0,0,0,3,1
emotionet_5_second_50000_77606,0,0,0,3,2
emotionet_5_second_50000_77633,0,0,0,8,4
emotionet_5_second_50000_77634,0,0,1,3,2
emotionet_5_second_50000_77641,0,0,0,1,2
emotionet_5_second_50000_77697,0,0,0,1,2
emotionet_5_second_50000_77699,0,0,0,1,2
emotionet_5_second_50000_77703,0,0,0,3,1
emotionet_5_second_50000_77710,0,0,0,3,2
emotionet_5_second_50000_77717,0,0,0,6,2
emotionet_5_second_50000_77722,0,0,0,7,2
emotionet_5_second_50000_77725,0,0,2,1,2
emotionet_5_second_50000_77731,0,0,0,7,1
emotionet_5_second_50000_77759,0,0,0,3,1
emotionet_5_second_50000_77762,0,0,0,1,2
emotionet_5_second_50000_77765,0,0,0,1,2
emotionet_5_second_50000_77800,0,0,0,8,4
emotionet_5_second_50000_77807,0,0,0,3,2
emotionet_5_second_50000_77809,0,0,0,1,2
emotionet_5_second_50000_77840,0,0,0,1,2
emotionet_5_second_50000_77847,0,0,0,8,4
emotionet_5_second_50000_77896,0,0,0,1,2
emotionet_5_second_50000_77923,0,0,0,1,2
emotionet_5_second_50000_77924,0,0,0,1,2
emotionet_5_second_50000_77951,0,0,0,1,2
emotionet_5_second_50000_77956,0,0,0,8,4
emotionet_5_second_50000_77958,0,0,0,1,2
emotionet_5_second_50000_77963,0,0,0,3,2
emotionet_5_second_50000_77964,0,0,0,5,2
emotionet_5_second_50000_77980,0,0,0,1,2
emotionet_5_second_50000_77987,0,0,0,8,4
emotionet_5_second_50000_77989,0,0,0,1,2
emotionet_5_second_50000_78002,0,0,0,1,2
emotionet_5_second_50000_78005,0,0,0,3,2
emotionet_5_second_50000_78017,0,0,0,1,2
emotionet_5_second_50000_78030,0,0,0,8,4
emotionet_5_second_50000_78037,0,0,0,1,2
emotionet_5_second_50000_78039,0,0,0,1,2
emotionet_5_second_50000_78042,0,0,0,3,2
emotionet_5_second_50000_78236,0,0,0,1,2
emotionet_5_second_50000_78276,0,0,0,8,0
emotionet_5_second_50000_78312,0,0,0,1,2
emotionet_5_second_50000_78320,0,0,0,3,2
emotionet_5_second_50000_78327,0,0,0,3,2
emotionet_5_second_50000_78329,0,0,0,3,2
emotionet_5_second_50000_78369,0,0,0,1,2
emotionet_5_second_50000_78384,0,0,0,1,2
emotionet_5_second_50000_78423,0,0,0,3,1
emotionet_5_second_50000_78424,0,0,0,1,2
emotionet_5_second_50000_78451,0,0,0,1,2
emotionet_5_second_50000_78500,0,0,0,1,2
emotionet_5_second_50000_78507,0,0,0,6,1
emotionet_5_second_50000_78575,0,0,0,1,2
emotionet_5_second_50000_78681,0,0,0,8,4
emotionet_5_second_50000_78686,0,0,2,8,0
emotionet_5_second_50000_78741,0,0,0,1,2
emotionet_5_second_50000_78748,1,0,1,5,2
emotionet_5_second_50000_78773,0,0,0,1,2
emotionet_5_second_50000_78790,0,0,0,1,2
emotionet_5_second_50000_78797,0,0,0,5,2
emotionet_5_second_50000_78799,0,0,0,3,2
emotionet_5_second_50000_78811,0,0,0,1,2
emotionet_5_second_50000_78816,0,0,0,1,2
emotionet_5_second_50000_78823,0,0,0,1,2
emotionet_5_second_50000_78851,0,0,0,3,2
emotionet_5_second_50000_78856,0,0,0,1,2
emotionet_5_second_50000_78858,0,0,0,1,2
emotionet_5_second_50000_78900,0,0,0,4,2
emotionet_5_second_50000_78932,0,0,0,6,2
emotionet_5_second_50000_78975,0,0,1,1,2
emotionet_5_second_50000_78998,0,0,0,1,2
emotionet_5_second_50000_79022,0,0,0,7,1
emotionet_5_second_50000_79025,0,0,0,3,2
emotionet_5_second_50000_79050,0,0,0,1,2
emotionet_5_second_50000_79059,0,0,0,1,2
emotionet_5_second_50000_79081,0,0,1,1,1
emotionet_5_second_50000_79086,0,0,0,1,2
emotionet_5_second_50000_79133,0,0,0,1,2
emotionet_5_second_50000_79134,0,0,0,1,2
emotionet_5_second_50000_79148,0,0,0,1,2
emotionet_5_second_50000_79173,0,0,0,1,2
emotionet_5_second_50000_79216,0,0,0,8,4
emotionet_5_second_50000_79258,0,0,0,1,2
emotionet_5_second_50000_79289,0,0,0,3,2
emotionet_5_second_50000_79307,0,0,0,6,2
emotionet_5_second_50000_79326,0,0,0,1,2
emotionet_5_second_50000_79347,0,0,0,5,2
emotionet_5_second_50000_79391,0,0,0,1,2
emotionet_5_second_50000_79444,0,0,0,3,2
emotionet_5_second_50000_79552,0,0,0,0,0
emotionet_5_second_50000_79555,0,0,0,8,0
emotionet_5_second_50000_79584,0,0,0,1,2
emotionet_5_second_50000_79639,0,0,0,3,2
emotionet_5_second_50000_79645,0,0,0,7,2
emotionet_5_second_50000_79670,0,0,0,1,2
emotionet_5_second_50000_79677,0,0,0,1,2
emotionet_5_second_50000_79679,0,0,0,1,2
emotionet_5_second_50000_79728,0,0,0,1,2
emotionet_5_second_50000_79761,0,0,0,1,2
emotionet_5_second_50000_79766,0,0,0,5,2
emotionet_5_second_50000_79831,0,0,1,1,2
emotionet_5_second_50000_79836,0,0,0,1,2
emotionet_5_second_50000_79838,0,0,0,7,2
emotionet_5_second_50000_79844,0,0,2,5,2
emotionet_5_second_50000_79878,1,0,0,3,2
emotionet_5_second_50000_79895,0,0,0,1,2
emotionet_5_second_50000_79912,0,0,0,1,2
emotionet_5_second_50000_79915,0,0,0,1,2
emotionet_5_second_50000_79920,0,0,0,3,2
emotionet_5_second_50000_79927,0,0,0,1,2
emotionet_5_second_50000_79960,0,0,0,3,1
emotionet_5_second_50000_79969,0,0,0,4,2
emotionet_5_second_50000_80021,0,0,0,1,2
emotionet_5_second_50000_80028,0,0,0,1,2
emotionet_5_second_50000_80053,0,0,0,1,2
emotionet_5_second_50000_80054,0,0,0,1,2
emotionet_5_second_50000_80066,0,0,0,3,2
emotionet_5_second_50000_80105,0,0,0,4,1
emotionet_5_second_50000_80193,0,0,0,1,2
emotionet_5_second_50000_80229,0,0,0,1,2
emotionet_5_second_50000_80252,0,0,0,1,2
emotionet_5_second_50000_80260,0,0,0,1,2
emotionet_5_second_50000_80267,0,0,0,1,2
emotionet_5_second_50000_80283,0,0,0,3,2
emotionet_5_second_50000_80284,0,0,0,3,2
emotionet_5_second_50000_80336,0,0,2,5,2
emotionet_5_second_50000_80338,0,0,0,1,2
emotionet_5_second_50000_80343,0,0,1,5,2
emotionet_5_second_50000_80344,0,0,0,8,4
emotionet_5_second_50000_80371,0,0,0,3,2
emotionet_5_second_50000_80376,0,0,0,0,2
emotionet_5_second_50000_80392,0,0,0,1,2
emotionet_5_second_50000_80395,0,0,0,5,2
emotionet_5_second_50000_80407,0,0,0,8,4
emotionet_5_second_50000_80440,1,0,1,5,1
emotionet_5_second_50000_80496,0,0,0,8,0
emotionet_5_second_50000_80498,0,0,0,1,2
emotionet_5_second_50000_80516,0,0,0,1,2
emotionet_5_second_50000_80518,0,0,0,6,2
emotionet_5_second_50000_80524,0,0,0,8,4
emotionet_5_second_50000_80563,0,0,1,7,2
emotionet_5_second_50000_80633,0,0,0,1,2
emotionet_5_second_50000_80634,0,0,0,8,4
emotionet_5_second_50000_80699,0,0,0,3,2
emotionet_5_second_50000_80722,0,0,0,1,2
emotionet_5_second_50000_80750,0,0,0,1,2
emotionet_5_second_50000_80781,0,0,0,3,2
emotionet_5_second_50000_80788,0,0,0,1,2
emotionet_5_second_50000_80832,0,0,0,3,2
emotionet_5_second_50000_80896,0,1,0,1,2
emotionet_5_second_50000_80911,0,0,1,5,2
emotionet_5_second_50000_80916,0,0,0,8,4
emotionet_5_second_50000_80951,0,0,0,3,1
emotionet_5_second_50000_80964,0,0,1,8,0
emotionet_5_second_50000_81008,0,0,0,1,2
emotionet_5_second_50000_81020,0,0,0,1,2
emotionet_5_second_50000_81033,0,0,0,3,2
emotionet_5_second_50000_81034,0,0,0,1,2
emotionet_5_second_50000_81073,0,0,0,1,1
emotionet_5_second_50000_81090,0,0,0,1,2
emotionet_5_second_50000_81110,0,0,0,8,0
emotionet_5_second_50000_81117,0,0,0,1,2
emotionet_5_second_50000_81119,0,0,0,8,4
emotionet_5_second_50000_81186,0,0,0,1,2
emotionet_5_second_50000_81200,0,0,0,1,2
emotionet_5_second_50000_81207,0,0,0,1,2
emotionet_5_second_50000_81209,0,0,0,8,4
emotionet_5_second_50000_81272,0,0,0,8,4
emotionet_5_second_50000_81291,0,0,0,1,2
emotionet_5_second_50000_81296,0,0,1,5,2
emotionet_5_second_50000_81318,0,0,0,1,2
emotionet_5_second_50000_81323,1,0,0,5,2
emotionet_5_second_50000_81324,0,0,0,8,4
emotionet_5_second_50000_81330,0,0,0,1,2
emotionet_5_second_50000_81337,0,0,0,1,2
emotionet_5_second_50000_81351,0,0,0,3,2
emotionet_5_second_50000_81356,0,0,0,1,2
emotionet_5_second_50000_81358,0,0,0,5,2
emotionet_5_second_50000_81364,0,0,0,1,2
emotionet_5_second_50000_81420,0,0,0,1,2
emotionet_5_second_50000_81427,0,0,0,1,2
emotionet_5_second_50000_81469,0,0,0,1,2
emotionet_5_second_50000_81484,0,0,0,3,2
emotionet_5_second_50000_81536,0,0,0,1,2
emotionet_5_second_50000_81578,0,0,0,7,2
emotionet_5_second_50000_81613,0,0,1,8,4
emotionet_5_second_50000_81614,0,0,0,1,2
emotionet_5_second_50000_81621,0,0,0,3,2
emotionet_5_second_50000_81705,0,0,0,1,2
emotionet_5_second_50000_81739,0,0,0,1,2
emotionet_5_second_50000_81742,0,0,0,3,2
emotionet_5_second_50000_81860,0,0,0,6,2
emotionet_5_second_50000_83050,0,0,0,8,4
emotionet_5_second_50000_83108,0,0,0,1,2
emotionet_5_second_50000_83134,0,0,0,1,2
emotionet_5_second_50000_83141,0,0,0,1,2
emotionet_5_second_50000_83148,0,0,0,3,2
emotionet_5_second_50000_83309,0,0,0,1,2
emotionet_5_second_50000_83347,0,0,0,1,2
emotionet_5_second_50000_83375,0,0,0,1,2
emotionet_5_second_50000_83512,0,0,0,1,2
emotionet_5_second_50000_83529,0,0,0,5,2
emotionet_5_second_50000_83584,0,0,0,7,1
emotionet_5_second_50000_83605,0,0,0,8,4
emotionet_5_second_50000_83637,0,0,0,1,2
emotionet_5_second_50000_83642,0,0,0,1,2
emotionet_5_second_50000_83693,0,0,1,1,2
emotionet_5_second_50000_83714,0,0,0,1,2
emotionet_5_second_50000_83721,0,0,0,1,2
emotionet_5_second_50000_83726,0,0,0,1,2
emotionet_5_second_50000_83726,0,0,0,3,2
emotionet_5_second_50000_83838,0,0,0,1,2
emotionet_5_second_50000_83844,0,0,0,3,2
emotionet_5_second_50000_83871,0,0,0,3,2
emotionet_5_second_50000_83876,0,0,0,1,2
emotionet_5_second_50000_83895,0,0,0,3,2
emotionet_5_second_50000_83920,0,0,0,8,0
emotionet_5_second_50000_83929,0,0,0,1,2
emotionet_5_second_50000_83952,0,0,0,1,2
emotionet_5_second_50000_83955,0,0,0,1,2
emotionet_5_second_50000_83960,0,0,0,1,2
emotionet_5_second_50000_83967,0,0,0,1,1
emotionet_5_second_50000_83983,0,0,0,1,2
emotionet_5_second_50000_83984,0,0,0,7,2
emotionet_5_second_50000_84012,0,0,1,6,2
emotionet_5_second_50000_84015,0,0,1,3,2
emotionet_5_second_50000_84020,0,0,0,6,2
emotionet_5_second_50000_84069,0,0,1,1,2
emotionet_5_second_50000_84213,0,0,0,5,2
emotionet_5_second_50000_84221,0,0,0,3,2
emotionet_5_second_50000_84285,0,0,0,1,2
emotionet_5_second_50000_84330,0,0,0,3,1
emotionet_5_second_50000_84441,0,0,0,1,2
emotionet_5_second_50000_84469,0,0,0,1,2
emotionet_5_second_50000_84490,0,0,1,3,2
emotionet_5_second_50000_84581,0,0,0,1,2
emotionet_5_second_50000_84649,0,0,0,8,4
emotionet_5_second_50000_84691,0,0,1,1,2
emotionet_5_second_50000_84696,0,0,0,8,4
emotionet_5_second_50000_84698,0,0,1,6,2
emotionet_5_second_50000_84711,0,0,1,1,2
emotionet_5_second_50000_84716,0,0,0,5,1
emotionet_5_second_50000_84780,0,0,1,4,2
emotionet_5_second_50000_84801,0,0,0,1,2
emotionet_5_second_50000_84808,0,0,0,3,2
emotionet_5_second_50000_84848,0,0,1,1,2
emotionet_5_second_50000_84874,0,0,0,1,2
emotionet_5_second_50000_84899,0,0,1,3,2
emotionet_5_second_50000_84910,0,0,1,1,2
emotionet_5_second_50000_84922,0,0,0,1,2
emotionet_5_second_50000_84981,1,0,0,5,2
emotionet_5_second_50000_85151,0,0,0,3,2
emotionet_5_second_50000_85156,0,0,0,3,2
emotionet_5_second_50000_85158,0,0,0,8,4
emotionet_5_second_50000_85187,0,0,2,8,4
emotionet_5_second_50000_85234,0,0,0,3,1
emotionet_5_second_50000_85241,0,0,0,1,2
emotionet_5_second_50000_85297,0,0,0,1,2
emotionet_5_second_50000_85310,0,0,0,3,2
emotionet_5_second_50000_85319,0,0,0,1,2
emotionet_5_second_50000_85322,0,0,0,3,1
emotionet_5_second_50000_85325,0,0,0,1,2
emotionet_5_second_50000_85359,0,0,0,8,4
emotionet_5_second_50000_85365,0,0,0,7,2
emotionet_5_second_50000_85407,0,0,0,5,2
emotionet_5_second_50000_85414,0,0,0,6,2
emotionet_5_second_50000_85428,0,0,0,3,1
emotionet_5_second_50000_85453,0,0,0,1,2
emotionet_5_second_50000_85468,0,0,0,1,2
emotionet_5_second_50000_85570,0,0,0,1,2
emotionet_5_second_50000_85577,0,0,0,5,2
emotionet_5_second_50000_85593,0,0,0,1,2
emotionet_5_second_50000_85620,0,0,0,3,2
emotionet_5_second_50000_85627,0,0,0,1,2
emotionet_5_second_50000_85655,0,0,0,3,2
emotionet_5_second_50000_85660,0,0,0,6,2
emotionet_5_second_50000_85667,0,0,0,5,2
emotionet_5_second_50000_85683,0,0,0,1,2
emotionet_5_second_50000_85684,0,0,0,3,2
emotionet_5_second_50000_85703,0,0,0,5,2
emotionet_5_second_50000_85738,0,0,0,1,2
emotionet_5_second_50000_85743,0,0,0,8,4
emotionet_5_second_50000_85744,0,0,0,0,2
emotionet_5_second_50000_85813,0,0,0,1,2
emotionet_5_second_50000_85826,0,0,0,3,2
emotionet_5_second_50000_85930,0,0,0,1,2
emotionet_5_second_50000_85937,0,0,0,1,2
emotionet_5_second_50000_85988,0,0,0,1,2
emotionet_5_second_50000_85993,0,0,0,3,2
emotionet_5_second_50000_85994,0,0,0,1,2
emotionet_5_second_50000_86003,0,0,0,1,2
emotionet_5_second_50000_86031,0,0,0,1,2
emotionet_5_second_50000_86112,0,0,0,1,2
emotionet_5_second_50000_86120,0,0,0,7,2
emotionet_5_second_50000_86127,0,0,0,6,2
emotionet_5_second_50000_86202,0,0,0,1,2
emotionet_5_second_50000_86205,0,0,0,1,2
emotionet_5_second_50000_86230,0,0,0,1,2
emotionet_5_second_50000_86237,0,0,0,1,2
emotionet_5_second_50000_86270,0,0,0,1,2
emotionet_5_second_50000_86277,0,0,0,1,2
emotionet_5_second_50000_86279,0,0,0,3,2
emotionet_5_second_50000_86313,0,0,0,3,2
emotionet_5_second_50000_86314,0,0,0,1,2
emotionet_5_second_50000_86321,0,0,0,1,2
emotionet_5_second_50000_86326,0,0,0,1,2
emotionet_5_second_50000_86354,0,0,0,1,2
emotionet_5_second_50000_86382,0,0,0,3,2
emotionet_5_second_50000_86385,0,0,0,3,2
emotionet_5_second_50000_86419,0,0,0,1,2
emotionet_5_second_50000_86422,0,0,0,1,2
emotionet_5_second_50000_86450,0,0,0,1,2
emotionet_5_second_50000_86457,0,0,0,1,2
emotionet_5_second_50000_86459,0,0,0,1,2
emotionet_5_second_50000_86462,0,0,0,6,2
emotionet_5_second_50000_86465,0,0,0,1,2
emotionet_5_second_50000_86481,0,0,0,3,2
emotionet_5_second_50000_86486,0,0,0,1,2
emotionet_5_second_50000_86488,0,0,0,3,2
emotionet_5_second_50000_86501,0,0,0,1,2
emotionet_5_second_50000_86508,0,0,0,3,2
emotionet_5_second_50000_86541,0,0,0,3,2
emotionet_5_second_50000_86546,0,0,0,1,2
emotionet_5_second_50000_86573,0,0,0,3,2
emotionet_5_second_50000_86574,0,0,0,1,2
emotionet_5_second_50000_86590,0,0,0,3,2
emotionet_5_second_50000_86597,0,0,0,1,2
emotionet_5_second_50000_86611,0,0,0,1,2
emotionet_5_second_50000_86616,0,0,0,1,2
emotionet_5_second_50000_86618,0,0,0,0,2
emotionet_5_second_50000_86651,0,0,0,1,2
emotionet_5_second_50000_86656,0,0,0,0,2
emotionet_5_second_50000_86663,0,0,0,1,2
emotionet_5_second_50000_86664,0,0,0,1,2
emotionet_5_second_50000_86680,0,0,0,1,2
emotionet_5_second_50000_86687,0,0,0,0,2
emotionet_5_second_50000_86709,0,0,0,0,2
emotionet_5_second_50000_86735,0,0,0,1,2
emotionet_5_second_50000_86740,0,0,0,3,2
emotionet_5_second_50000_86772,0,0,0,1,2
emotionet_5_second_50000_86775,0,0,0,3,2
emotionet_5_second_50000_86791,0,0,0,8,3
emotionet_5_second_50000_86796,0,0,0,1,2
emotionet_5_second_50000_86798,0,0,0,3,2
emotionet_5_second_50000_86810,0,0,0,8,3
emotionet_5_second_50000_86817,0,0,0,0,2
emotionet_5_second_50000_86822,0,0,0,1,2
emotionet_5_second_50000_86825,0,0,1,1,2
emotionet_5_second_50000_86850,0,0,0,1,2
emotionet_5_second_50000_86857,0,0,0,1,2
emotionet_5_second_50000_86881,0,0,0,1,2
emotionet_5_second_50000_86886,0,0,0,1,2
emotionet_5_second_50000_86927,0,0,0,6,2
emotionet_5_second_50000_86933,0,0,0,1,2
emotionet_5_second_50000_86934,0,0,0,8,4
emotionet_5_second_50000_86973,0,0,0,1,2
emotionet_5_second_50000_86999,0,0,1,8,0
emotionet_5_second_50000_87016,0,0,0,7,1
emotionet_5_second_50000_87024,0,0,0,3,2
emotionet_5_second_50000_87109,0,1,0,0,2
emotionet_5_second_50000_87132,0,0,0,1,2
emotionet_5_second_50000_87135,0,0,0,3,2
emotionet_5_second_50000_87172,0,0,1,1,2
emotionet_5_second_50000_87175,0,0,0,3,2
emotionet_5_second_50000_87198,0,0,0,1,2
emotionet_5_second_50000_87217,0,0,0,8,0
emotionet_5_second_50000_87222,0,0,0,1,2
emotionet_5_second_50000_87262,0,0,2,1,2
emotionet_5_second_50000_87333,0,0,0,8,4
emotionet_5_second_50000_87348,0,0,0,1,2
emotionet_5_second_50000_87349,0,0,0,1,2
emotionet_5_second_50000_87439,0,0,0,3,2
emotionet_5_second_50000_87442,0,0,0,1,2
emotionet_5_second_50000_87445,0,0,0,1,2
emotionet_5_second_50000_87493,0,0,0,8,0
emotionet_5_second_50000_87494,1,0,0,5,2
emotionet_5_second_50000_87554,0,0,0,3,2
emotionet_5_second_50000_87566,0,0,0,3,2
emotionet_5_second_50000_87568,0,0,0,1,2
emotionet_5_second_50000_87582,0,0,0,1,2
emotionet_5_second_50000_87604,0,0,0,4,2
emotionet_5_second_50000_87638,0,0,0,1,2
emotionet_5_second_50000_87643,0,0,0,6,2
emotionet_5_second_50000_87644,0,0,0,0,2
emotionet_5_second_50000_87767,0,0,0,0,2
emotionet_5_second_50000_87784,0,0,0,0,2
emotionet_5_second_50000_87805,0,0,0,1,2
emotionet_5_second_50000_87830,0,0,0,5,1
emotionet_5_second_50000_87845,0,0,0,1,2
emotionet_5_second_50000_87890,0,0,0,3,1
emotionet_5_second_50000_87894,0,0,0,1,2
emotionet_5_second_50000_87961,0,0,0,1,2
emotionet_5_second_50000_87966,0,0,0,1,2
emotionet_5_second_50000_88000,0,0,0,1,2
emotionet_5_second_50000_88007,0,0,0,0,2
emotionet_5_second_50000_88009,0,0,0,1,2
emotionet_5_second_50000_88075,0,0,1,1,2
emotionet_5_second_50000_88091,0,0,0,8,4
emotionet_5_second_50000_88096,0,0,1,3,2
emotionet_5_second_50000_88124,0,0,1,1,2
emotionet_5_second_50000_88151,0,0,0,1,2
emotionet_5_second_50000_88189,0,0,0,8,4
emotionet_5_second_50000_88208,0,0,1,6,1
emotionet_5_second_50000_88233,0,0,0,1,2
emotionet_5_second_50000_88274,0,0,0,1,2
emotionet_5_second_50000_88290,0,0,1,3,2
emotionet_5_second_50000_88299,0,0,1,8,0
emotionet_5_second_50000_88357,0,0,0,1,2
emotionet_5_second_50000_88381,0,0,0,7,2
emotionet_5_second_50000_88386,0,0,0,1,2
emotionet_5_second_50000_88414,0,0,0,1,2
emotionet_5_second_50000_88421,0,0,0,1,2
emotionet_5_second_50000_88426,0,0,0,1,2
emotionet_5_second_50000_88461,0,0,0,1,2
emotionet_5_second_50000_88464,0,0,0,3,2
emotionet_5_second_50000_88478,0,0,0,1,2
emotionet_5_second_50000_88489,0,0,1,5,2
emotionet_5_second_50000_88491,0,0,1,3,2
emotionet_5_second_50000_88505,0,0,0,3,2
emotionet_5_second_50000_88579,0,0,0,0,2
emotionet_5_second_50000_88615,0,0,0,1,1
emotionet_5_second_50000_88620,0,0,0,5,1
emotionet_5_second_50000_88652,0,0,0,1,2
emotionet_5_second_50000_88674,0,0,0,8,0
emotionet_5_second_50000_88683,0,0,0,0,2
emotionet_5_second_50000_88684,0,0,0,0,2
emotionet_5_second_50000_88804,0,0,0,1,1
emotionet_5_second_50000_88813,0,0,0,1,2
emotionet_5_second_50000_88814,0,0,0,3,2
emotionet_5_second_50000_88828,0,0,0,1,2
emotionet_5_second_50000_88868,0,0,0,1,2
emotionet_5_second_50000_88882,0,0,0,1,2
emotionet_5_second_50000_88885,0,0,0,1,2
emotionet_5_second_50000_88930,0,0,0,3,1
emotionet_5_second_50000_88937,0,0,0,0,2
emotionet_5_second_50000_88994,0,0,0,1,2
emotionet_5_second_50000_89171,0,0,0,3,2
emotionet_5_second_50000_89176,0,0,1,1,2
emotionet_5_second_50000_89192,0,0,1,0,2
emotionet_5_second_50000_89195,0,0,0,1,1
emotionet_5_second_50000_89202,0,0,2,0,2
emotionet_5_second_50000_89226,0,0,0,1,2
emotionet_5_second_50000_89228,0,0,0,3,2
emotionet_5_second_50000_89253,0,0,0,6,2
emotionet_5_second_50000_89254,0,0,0,1,2
emotionet_5_second_50000_89261,0,0,0,1,2
emotionet_5_second_50000_89266,0,0,0,0,2
emotionet_5_second_50000_89342,0,0,0,1,2
emotionet_5_second_50000_89345,0,0,0,1,2
emotionet_5_second_50000_89377,0,0,0,8,4
emotionet_5_second_50000_89393,0,0,2,3,2
emotionet_5_second_50000_89406,0,0,0,0,1
emotionet_5_second_50000_89433,0,0,0,3,2
emotionet_5_second_50000_89434,0,0,0,8,0
emotionet_5_second_50000_89473,0,0,0,8,4
emotionet_5_second_50000_89499,0,0,0,1,1
emotionet_5_second_50000_89510,0,0,0,1,2
emotionet_5_second_50000_89517,0,0,0,1,2
emotionet_5_second_50000_89522,0,0,0,1,2
emotionet_5_second_50000_89550,0,0,0,1,2
emotionet_5_second_50000_89557,0,0,0,3,2
emotionet_5_second_50000_89559,0,0,0,3,2
emotionet_5_second_50000_89581,0,0,0,1,2
emotionet_5_second_50000_89586,0,0,0,5,2
emotionet_5_second_50000_89588,0,0,0,8,4
emotionet_5_second_50000_89632,0,0,0,5,2
emotionet_5_second_50000_89640,0,0,0,3,2
emotionet_5_second_50000_89789,0,0,0,8,0
emotionet_5_second_50000_89981,0,0,0,3,2
emotionet_5_second_50000_89988,0,0,2,7,2
emotionet_5_second_50000_90031,0,0,0,5,1
emotionet_5_second_50000_90036,0,0,0,8,3
emotionet_5_second_50000_90038,0,0,0,3,1
emotionet_5_second_50000_90043,0,0,0,3,2
emotionet_5_second_50000_90044,0,0,0,1,2
emotionet_5_second_50000_90092,0,0,0,1,2
emotionet_5_second_50000_90095,0,0,0,5,2
emotionet_5_second_50000_90100,0,0,0,3,2
emotionet_5_second_50000_90112,0,0,0,8,0
emotionet_5_second_50000_90127,0,0,0,1,2
emotionet_5_second_50000_90129,0,0,0,8,3
emotionet_5_second_50000_90155,0,0,0,1,2
emotionet_5_second_50000_90160,0,0,0,1,2
emotionet_5_second_50000_90167,0,0,0,1,2
emotionet_5_second_50000_90169,0,0,0,1,2
emotionet_5_second_50000_90183,0,0,0,1,2
emotionet_5_second_50000_90223,0,0,0,1,2
emotionet_5_second_50000_90242,0,0,0,1,2
emotionet_5_second_50000_90245,0,0,0,8,3
emotionet_5_second_50000_90279,1,0,0,3,2
emotionet_5_second_50000_90293,0,0,0,1,2
emotionet_5_second_50000_90294,0,0,0,1,2
emotionet_5_second_50000_90326,0,0,0,1,2
emotionet_5_second_50000_90328,0,0,0,3,2
emotionet_5_second_50000_90353,0,0,0,0,2
emotionet_5_second_50000_90361,0,0,0,1,2
emotionet_5_second_50000_90366,0,0,0,1,2
emotionet_5_second_50000_90383,0,0,0,3,1
emotionet_5_second_50000_90410,0,0,0,1,2
emotionet_5_second_50000_90417,0,0,0,3,2
emotionet_5_second_50000_90450,0,0,0,8,4
emotionet_5_second_50000_90457,0,0,0,1,2
emotionet_5_second_50000_90481,0,0,0,1,2
emotionet_5_second_50000_90486,0,0,0,1,2
emotionet_5_second_50000_90501,0,0,0,1,2
emotionet_5_second_50000_90533,0,0,0,1,2
emotionet_5_second_50000_90573,0,0,0,1,1
emotionet_5_second_50000_90574,0,0,0,3,2
emotionet_5_second_50000_90611,0,0,0,1,2
emotionet_5_second_50000_90624,0,0,0,0,1
emotionet_5_second_50000_90680,0,0,0,1,2
emotionet_5_second_50000_90707,0,0,0,7,2
emotionet_5_second_50000_90819,0,0,1,6,2
emotionet_5_second_50000_90822,0,0,2,0,2
emotionet_5_second_50000_90850,0,0,1,0,2
emotionet_5_second_50000_90857,0,0,0,1,1
emotionet_5_second_50000_90859,0,0,1,0,2
emotionet_5_second_50000_90862,0,0,0,0,2
emotionet_5_second_50000_90865,0,0,1,1,2
emotionet_5_second_50000_90873,0,0,2,0,2
emotionet_5_second_50000_90886,0,0,0,8,3
emotionet_5_second_50000_90908,0,0,0,1,2
emotionet_5_second_50000_90997,0,0,0,8,3
emotionet_5_second_50000_91018,0,0,0,1,2
emotionet_5_second_50000_91172,0,0,0,8,3
emotionet_5_second_50000_91175,0,0,2,1,2
emotionet_5_second_50000_91191,0,0,0,5,2
emotionet_5_second_50000_91210,0,0,0,3,2
emotionet_5_second_50000_91217,0,0,0,8,3
emotionet_5_second_50000_91219,0,0,0,1,2
emotionet_5_second_50000_91257,0,0,0,1,2
emotionet_5_second_50000_91262,0,0,0,1,2
emotionet_5_second_50000_91265,0,0,0,4,2
emotionet_5_second_50000_91308,0,0,0,1,2
emotionet_5_second_50000_91333,0,0,0,1,2
emotionet_5_second_50000_91334,0,0,0,8,3
emotionet_5_second_50000_91341,0,0,1,1,1
emotionet_5_second_50000_91346,0,0,0,3,2
emotionet_5_second_50000_91479,0,0,0,1,1
emotionet_5_second_50000_91510,0,0,0,8,3
emotionet_5_second_50000_91514,0,0,2,1,2
emotionet_5_second_50000_91561,0,0,0,1,2
emotionet_5_second_50000_91566,0,0,0,0,2
emotionet_5_second_50000_91568,0,0,0,1,2
emotionet_5_second_50000_91671,0,0,0,3,2
emotionet_5_second_50000_91676,0,0,0,3,2
emotionet_5_second_50000_91678,0,0,0,6,2
emotionet_5_second_50000_91720,0,0,0,0,2
emotionet_5_second_50000_91752,0,0,0,1,2
emotionet_5_second_50000_91755,0,0,0,2,2
emotionet_5_second_50000_91767,0,0,0,8,3
emotionet_5_second_50000_91783,0,0,0,1,2
emotionet_5_second_50000_91830,0,0,0,0,2
emotionet_5_second_50000_91837,0,0,0,8,3
emotionet_5_second_50000_91839,0,0,0,0,2
emotionet_5_second_50000_91842,0,0,0,0,2
emotionet_5_second_50000_91870,0,0,0,0,2
emotionet_5_second_50000_91894,0,0,0,1,2
emotionet_5_second_50000_91914,0,0,0,8,3
emotionet_5_second_50000_91928,0,0,0,3,2
emotionet_5_second_50000_91953,0,0,0,1,2
emotionet_5_second_50000_91961,0,0,0,1,2
emotionet_5_second_50000_91966,0,0,0,1,2
emotionet_5_second_50000_91982,0,0,0,1,2
emotionet_5_second_50000_92012,0,0,0,0,2
emotionet_5_second_50000_92015,0,0,0,5,2
emotionet_5_second_50000_92144,0,0,0,5,2
emotionet_5_second_50000_92189,0,0,1,1,2
emotionet_5_second_50000_92191,0,0,0,0,2
emotionet_5_second_50000_92282,0,0,0,1,2
emotionet_5_second_50000_92298,0,0,0,0,2
emotionet_5_second_50000_92305,0,0,0,6,2
emotionet_5_second_50000_92377,0,0,0,0,2
emotionet_5_second_50000_92393,0,0,0,1,2
emotionet_5_second_50000_92394,0,0,0,8,3
emotionet_5_second_50000_92473,1,0,0,2,1
emotionet_5_second_50000_92474,0,0,0,1,2
emotionet_5_second_50000_92522,1,0,0,1,2
emotionet_5_second_50000_92525,0,0,0,1,2
emotionet_5_second_50000_92557,0,0,0,7,2
emotionet_5_second_50000_92581,0,0,0,1,2
emotionet_5_second_50000_92586,0,0,0,1,2
emotionet_5_second_50000_92600,0,0,0,8,0
emotionet_5_second_50000_92607,0,0,0,3,2
emotionet_5_second_50000_92613,0,0,0,1,1
emotionet_5_second_50000_92632,0,0,0,1,2
emotionet_5_second_50000_92635,0,0,0,0,2
emotionet_5_second_50000_92649,0,0,0,0,2
emotionet_5_second_50000_92711,0,0,0,3,2
emotionet_5_second_50000_92716,0,0,0,7,2
emotionet_5_second_50000_92758,0,0,0,0,2
emotionet_5_second_50000_92763,0,0,0,7,2
emotionet_5_second_50000_92764,0,0,0,1,2
emotionet_5_second_50000_92788,0,0,0,3,2
emotionet_5_second_50000_92841,0,0,0,1,1
emotionet_5_second_50000_92919,0,0,0,1,2
emotionet_5_second_50000_92922,0,0,0,8,3
emotionet_5_second_50000_92925,0,0,0,0,2
emotionet_5_second_50000_92950,0,0,0,8,3
emotionet_5_second_50000_92957,0,0,0,5,2
emotionet_5_second_50000_92965,0,0,0,0,2
emotionet_5_second_50000_93047,0,0,0,3,2
emotionet_5_second_50000_93072,0,0,0,2,2
emotionet_5_second_50000_93248,0,0,0,8,3
emotionet_5_second_50000_93350,0,0,0,3,2
emotionet_5_second_50000_93362,0,0,0,6,2
emotionet_5_second_50000_93381,0,0,0,6,2
emotionet_5_second_50000_93461,0,0,0,1,2
emotionet_5_second_50000_93466,0,0,0,8,3
emotionet_5_second_50000_93468,0,0,0,1,1
emotionet_5_second_50000_93472,0,0,0,1,2
emotionet_5_second_50000_93502,0,0,0,1,2
emotionet_5_second_50000_93511,0,0,0,1,2
emotionet_5_second_50000_93530,0,0,0,1,2
emotionet_5_second_50000_93545,0,0,0,8,3
emotionet_5_second_50000_93579,0,0,0,8,3
emotionet_5_second_50000_93594,0,0,0,3,2
emotionet_5_second_50000_93627,0,0,0,0,2
emotionet_5_second_50000_93629,0,0,0,1,2
emotionet_5_second_50000_93652,0,0,0,8,3
emotionet_5_second_50000_93684,0,0,0,0,2
emotionet_5_second_50000_93704,0,0,0,0,2
emotionet_5_second_50000_93776,0,0,0,1,2
emotionet_5_second_50000_93778,0,0,0,5,2
emotionet_5_second_50000_93813,0,0,0,1,2
emotionet_5_second_50000_93814,0,0,0,3,2
emotionet_5_second_50000_93828,0,0,0,3,2
emotionet_5_second_50000_93841,0,0,0,3,2
emotionet_5_second_50000_93866,0,0,1,1,2
emotionet_5_second_50000_93868,0,0,0,0,2
emotionet_5_second_50000_93882,0,0,0,0,2
emotionet_5_second_50000_93891,0,0,0,3,2
emotionet_5_second_50000_93970,0,0,0,3,2
emotionet_5_second_50000_93977,0,0,0,3,2
emotionet_5_second_50000_93987,0,0,0,1,2
emotionet_5_second_50000_93993,0,0,0,8,3
emotionet_5_second_50000_93994,0,0,0,7,2
emotionet_5_second_50000_94002,0,0,0,4,2
emotionet_5_second_50000_94030,0,0,1,7,2
emotionet_5_second_50000_94037,0,0,0,3,2
emotionet_5_second_50000_94070,0,0,0,3,2
emotionet_5_second_50000_94077,0,0,0,3,2
emotionet_5_second_50000_94079,0,0,0,8,0
emotionet_5_second_50000_94121,0,0,0,1,2
emotionet_5_second_50000_94128,0,0,0,3,2
emotionet_5_second_50000_94153,0,0,0,3,2
emotionet_5_second_50000_94154,0,0,0,6,2
emotionet_5_second_50000_94185,0,0,0,0,2
emotionet_5_second_50000_94217,0,0,0,1,2
emotionet_5_second_50000_94236,0,0,0,1,2
emotionet_5_second_50000_94238,0,0,0,0,2
emotionet_5_second_50000_94243,0,0,0,5,2
emotionet_5_second_50000_94244,0,0,0,5,2
emotionet_5_second_50000_94278,0,0,0,1,2
emotionet_5_second_50000_94292,0,0,0,3,2
emotionet_5_second_50000_94295,0,0,0,1,2
emotionet_5_second_50000_94416,0,0,0,3,2
emotionet_5_second_50000_94418,0,0,0,1,2
emotionet_5_second_50000_94451,0,0,0,1,2
emotionet_5_second_50000_94456,0,0,0,1,2
emotionet_5_second_50000_94463,0,0,0,0,2
emotionet_5_second_50000_94487,0,0,0,5,2
emotionet_5_second_50000_94509,0,0,0,1,2
emotionet_5_second_50000_94532,0,0,0,5,2
emotionet_5_second_50000_94535,0,0,0,0,2
emotionet_5_second_50000_94540,0,0,0,1,2
emotionet_5_second_50000_94547,0,0,0,1,2
emotionet_5_second_50000_94549,0,0,0,0,2
emotionet_5_second_50000_94572,0,0,0,3,2
emotionet_5_second_50000_94575,0,0,0,1,2
emotionet_5_second_50000_94591,0,0,0,1,1
emotionet_5_second_50000_94598,0,0,0,1,2
emotionet_5_second_50000_94622,0,0,0,3,2
emotionet_5_second_50000_94625,0,0,0,0,2
emotionet_5_second_50000_94671,0,0,0,0,2
emotionet_5_second_50000_94706,0,0,0,0,2
emotionet_5_second_50000_94773,0,0,0,1,2
emotionet_5_second_50000_94774,0,0,0,1,2
emotionet_5_second_50000_94811,0,0,0,5,2
emotionet_5_second_50000_94816,0,0,0,0,2
emotionet_5_second_50000_94818,0,0,0,0,2
emotionet_5_second_50000_94823,0,0,0,6,2
emotionet_5_second_50000_94824,0,0,0,8,3
emotionet_5_second_50000_94858,0,0,0,3,2
emotionet_5_second_50000_94889,0,0,0,0,2
emotionet_5_second_50000_94932,0,0,0,0,2
emotionet_5_second_50000_94935,0,0,0,5,2
emotionet_5_second_50000_94947,0,0,0,1,2
emotionet_5_second_50000_94949,0,0,0,1,2
emotionet_5_second_50000_94954,0,0,0,3,2
emotionet_5_second_50000_94996,0,0,0,8,3
emotionet_5_second_50000_95019,0,0,0,0,2
emotionet_5_second_50000_95022,0,0,0,0,2
emotionet_5_second_50000_95146,0,0,0,6,2
emotionet_5_second_50000_95148,0,0,0,3,2
emotionet_5_second_50000_95197,0,0,0,7,2
emotionet_5_second_50000_95199,0,0,0,1,2
emotionet_5_second_50000_95216,0,0,0,0,2
emotionet_5_second_50000_95223,0,0,0,7,2
emotionet_5_second_50000_95224,0,0,0,8,3
emotionet_5_second_50000_95251,0,0,0,0,2
emotionet_5_second_50000_95256,0,0,0,3,2
emotionet_5_second_50000_95258,0,0,0,1,2
emotionet_5_second_50000_95280,0,0,0,3,2
emotionet_5_second_50000_95289,0,0,0,5,2
emotionet_5_second_50000_95332,0,0,0,3,2
emotionet_5_second_50000_95398,0,0,0,1,2
emotionet_5_second_50000_95444,0,0,0,3,2
emotionet_5_second_50000_95476,0,0,0,1,2
emotionet_5_second_50000_95478,0,0,0,0,2
emotionet_5_second_50000_95492,0,0,0,0,2
emotionet_5_second_50000_95495,0,0,0,1,2
emotionet_5_second_50000_95527,0,0,0,6,2
emotionet_5_second_50000_95529,0,0,0,3,2
emotionet_5_second_50000_95552,1,0,0,1,2
emotionet_5_second_50000_95560,0,0,0,6,2
emotionet_5_second_50000_95567,0,0,0,1,2
emotionet_5_second_50000_95584,0,0,0,1,2
emotionet_5_second_50000_95642,0,0,1,5,2
emotionet_5_second_50000_95645,0,0,0,1,2
emotionet_5_second_50000_95670,0,0,0,6,2
emotionet_5_second_50000_95679,0,0,0,8,3
emotionet_5_second_50000_95693,0,0,0,8,3
emotionet_5_second_50000_95714,0,0,0,7,2
emotionet_5_second_50000_95728,0,0,0,0,2
emotionet_5_second_50000_95753,0,0,0,1,2
emotionet_5_second_50000_95761,0,0,0,1,2
emotionet_5_second_50000_95766,0,0,1,1,2
emotionet_5_second_50000_95768,0,0,0,1,2
emotionet_5_second_50000_95803,0,0,2,1,2
emotionet_5_second_50000_95831,0,0,0,3,2
emotionet_5_second_50000_95876,0,0,0,1,1
emotionet_5_second_50000_95878,0,0,0,1,1
emotionet_5_second_50000_95912,0,0,1,1,1
emotionet_5_second_50000_95915,0,0,1,6,2
emotionet_5_second_50000_95955,0,0,0,5,2
emotionet_5_second_50000_95983,0,0,0,1,2
emotionet_5_second_50000_95984,0,0,1,1,2
emotionet_5_second_50000_96013,0,0,1,1,2
emotionet_5_second_50000_96014,0,0,0,7,2
emotionet_5_second_50000_96021,0,0,0,8,0
emotionet_5_second_50000_96028,0,0,0,2,2
emotionet_5_second_50000_96053,0,0,0,1,2
emotionet_5_second_50000_96068,0,0,0,8,3
emotionet_5_second_50000_96082,0,0,0,5,2
emotionet_5_second_50000_96085,0,0,0,1,2
emotionet_5_second_50000_96102,0,0,0,1,2
emotionet_5_second_50000_96105,0,0,0,3,2
emotionet_5_second_50000_96179,0,0,0,1,2
emotionet_5_second_50000_96260,0,0,0,0,2
emotionet_5_second_50000_96303,0,0,0,1,2
emotionet_5_second_50000_96336,0,0,0,1,2
emotionet_5_second_50000_96338,0,0,0,8,0
emotionet_5_second_50000_96409,0,0,0,1,2
emotionet_5_second_50000_96447,0,0,0,1,2
emotionet_5_second_50000_96475,0,0,0,7,2
emotionet_5_second_50000_96496,0,0,0,1,2
emotionet_5_second_50000_96511,0,0,0,1,2
emotionet_5_second_50000_96516,0,0,0,0,2
emotionet_5_second_50000_96556,0,0,0,3,2
emotionet_5_second_50000_96563,0,0,2,1,1
emotionet_5_second_50000_96641,0,0,0,0,2
emotionet_5_second_50000_96673,0,0,0,8,3
emotionet_5_second_50000_96674,0,0,1,8,0
emotionet_5_second_50000_96759,0,0,0,8,0
emotionet_5_second_50000_96765,0,0,0,8,0
emotionet_5_second_50000_96786,0,0,0,1,2
emotionet_5_second_50000_96849,0,0,0,1,1
emotionet_5_second_50000_96896,1,0,0,5,1
emotionet_5_second_50000_96918,0,0,0,1,1
emotionet_5_second_50000_96958,0,0,0,6,1
emotionet_5_second_50000_96989,0,0,0,1,1
emotionet_5_second_50000_97001,0,0,0,1,2
emotionet_5_second_50000_97006,0,0,0,1,1
emotionet_5_second_50000_97033,0,0,0,8,0
emotionet_5_second_50000_97034,0,0,0,8,0
emotionet_5_second_50000_97041,0,0,1,1,2
emotionet_5_second_50000_97046,0,0,0,1,1
emotionet_5_second_50000_97048,0,0,0,8,0
emotionet_5_second_50000_97099,0,0,0,1,2
emotionet_5_second_50000_97159,0,0,0,1,2
emotionet_5_second_50000_97162,0,0,0,1,2
emotionet_5_second_50000_97165,0,0,0,0,2
emotionet_5_second_50000_97188,0,0,0,1,1
emotionet_5_second_50000_97380,0,0,0,1,2
emotionet_5_second_50000_97420,0,0,0,8,3
emotionet_5_second_50000_97427,0,0,0,5,2
emotionet_5_second_50000_97429,0,0,0,1,2
emotionet_5_second_50000_97455,0,0,0,5,1
emotionet_5_second_50000_97460,0,0,0,0,1
emotionet_5_second_50000_97504,0,0,1,1,1
emotionet_5_second_50000_97538,0,0,0,1,2
emotionet_5_second_50000_97543,0,1,0,8,0
emotionet_5_second_50000_97544,0,0,0,1,1
emotionet_5_second_50000_97571,0,0,0,1,2
emotionet_5_second_50000_97576,0,0,0,1,2
emotionet_5_second_50000_97578,0,0,0,1,1
emotionet_5_second_50000_97592,0,0,2,8,3
emotionet_5_second_50000_97595,0,0,0,1,2
emotionet_5_second_50000_97661,0,0,0,3,1
emotionet_5_second_50000_97666,0,0,0,8,3
emotionet_5_second_50000_97685,0,0,0,2,1
emotionet_5_second_50000_97737,0,0,0,1,1
emotionet_5_second_50000_97745,0,0,0,1,2
emotionet_5_second_50000_97777,0,0,2,8,3
emotionet_5_second_50000_97793,0,0,0,1,1
emotionet_5_second_50000_97820,0,0,0,0,2
emotionet_5_second_50000_97829,0,0,0,8,3
